1771827333194	geckodriver	INFO	Listening on 127.0.0.1:51600
1771827336286	mozrunner::runner	INFO	Running command: "C:\\Program Files (x86)\\Mozilla Firefox\\firefox.exe" "--marionette" "--remote-debugging-port" "51601" "--remote-allow-hosts" "localhost" "-no-remote" "-profile" "C:\\Users\\HP\\AppData\\Local\\Temp\\rust_mozprofilewDZUlq"
console.warn: services.settings: Ignoring preference override of remote settings server
console.warn: services.settings: Allow by setting MOZ_REMOTE_SETTINGS_DEVTOOLS=1 in the environment
Dynamically enable window occlusion 0
1771827336585	Marionette	INFO	Marionette enabled
1771827336691	Marionette	INFO	Listening on port 51608
WebDriver BiDi listening on ws://127.0.0.1:51601
Read port: 51608
1771827336897	RemoteAgent	WARN	TLS certificate errors will be ignored for this session
JavaScript error: https://pagead2.googlesyndication.com/pagead/js/adsbygoogle.js, line 90: TagError: adsbygoogle.push() error: No slot size for availableWidth=0
JavaScript error: https://pagead2.googlesyndication.com/pagead/js/adsbygoogle.js, line 90: TagError: adsbygoogle.push() error: No slot size for availableWidth=0
JavaScript error: https://pagead2.googlesyndication.com/pagead/js/adsbygoogle.js, line 90: TagError: adsbygoogle.push() error: No slot size for availableWidth=0
JavaScript error: https://pagead2.googlesyndication.com/pagead/js/adsbygoogle.js, line 90: TagError: adsbygoogle.push() error: No slot size for availableWidth=0
JavaScript error: https://pagead2.googlesyndication.com/pagead/js/adsbygoogle.js, line 90: TagError: adsbygoogle.push() error: No slot size for availableWidth=0
JavaScript error: https://pagead2.googlesyndication.com/pagead/js/adsbygoogle.js, line 90: TagError: adsbygoogle.push() error: No slot size for availableWidth=0
1771827342782	Marionette	WARN	Ignoring event 'DOMContentLoaded' because document has an invalid readyState of 'complete'.
JavaScript error: https://pagead2.googlesyndication.com/pagead/js/adsbygoogle.js, line 90: TagError: adsbygoogle.push() error: No slot size for availableWidth=0
JavaScript error: https://pagead2.googlesyndication.com/pagead/js/adsbygoogle.js, line 90: TagError: adsbygoogle.push() error: No slot size for availableWidth=0
JavaScript error: https://pagead2.googlesyndication.com/pagead/js/adsbygoogle.js, line 90: TagError: adsbygoogle.push() error: No slot size for availableWidth=0
JavaScript error: https://pagead2.googlesyndication.com/pagead/js/adsbygoogle.js, line 90: TagError: adsbygoogle.push() error: No slot size for availableWidth=0
JavaScript error: https://pagead2.googlesyndication.com/pagead/js/adsbygoogle.js, line 90: TagError: adsbygoogle.push() error: No slot size for availableWidth=0
JavaScript error: https://pagead2.googlesyndication.com/pagead/js/adsbygoogle.js, line 90: TagError: adsbygoogle.push() error: No slot size for availableWidth=0
JavaScript warning: https://pagead2.googlesyndication.com/bg/VXNW79gqQX8ZcaCZgbEoDHet6f6szJZilX3LzAyYl-4.js, line 6331: unreachable code after return statement
JavaScript warning: https://pagead2.googlesyndication.com/bg/VXNW79gqQX8ZcaCZgbEoDHet6f6szJZilX3LzAyYl-4.js, line 6331: unreachable code after return statement
JavaScript warning: https://pagead2.googlesyndication.com/bg/VXNW79gqQX8ZcaCZgbEoDHet6f6szJZilX3LzAyYl-4.js, line 6331: unreachable code after return statement
JavaScript warning: https://pagead2.googlesyndication.com/bg/VXNW79gqQX8ZcaCZgbEoDHet6f6szJZilX3LzAyYl-4.js line 2 > eval, line 6331: unreachable code after return statement
JavaScript warning: https://pagead2.googlesyndication.com/bg/VXNW79gqQX8ZcaCZgbEoDHet6f6szJZilX3LzAyYl-4.js line 2 > eval, line 6331: unreachable code after return statement
JavaScript warning: https://pagead2.googlesyndication.com/bg/VXNW79gqQX8ZcaCZgbEoDHet6f6szJZilX3LzAyYl-4.js line 2 > eval line 6331 > eval, line 1: unreachable code after return statement
JavaScript warning: https://pagead2.googlesyndication.com/bg/VXNW79gqQX8ZcaCZgbEoDHet6f6szJZilX3LzAyYl-4.js line 2 > eval line 6331 > eval line 1 > eval, line 1: unreachable code after return statement
JavaScript warning: https://pagead2.googlesyndication.com/bg/VXNW79gqQX8ZcaCZgbEoDHet6f6szJZilX3LzAyYl-4.js line 2 > eval, line 6331: unreachable code after return statement
JavaScript warning: https://pagead2.googlesyndication.com/bg/VXNW79gqQX8ZcaCZgbEoDHet6f6szJZilX3LzAyYl-4.js line 2 > eval line 6331 > eval line 1 > eval, line 1: unreachable code after return statement
JavaScript warning: https://pagead2.googlesyndication.com/bg/VXNW79gqQX8ZcaCZgbEoDHet6f6szJZilX3LzAyYl-4.js line 2 > eval line 6331 > eval line 1 > eval line 1 > eval, line 1: unreachable code after return statement
JavaScript warning: https://pagead2.googlesyndication.com/pagead/managed/js/activeview/current/ufs_web_display.js, line 52: Script terminated by timeout at:
get@https://pagead2.googlesyndication.com/pagead/managed/js/activeview/current/ufs_web_display.js:52:88
h@https://pagead2.googlesyndication.com/pagead/managed/js/activeview/current/ufs_web_display.js:261:1912
mp/</m</<@https://pagead2.googlesyndication.com/pagead/managed/js/activeview/current/ufs_web_display.js:261:2211
qc.prototype.next@https://pagead2.googlesyndication.com/pagead/managed/js/activeview/current/ufs_web_display.js:83:218
n.ie@https://pagead2.googlesyndication.com/pagead/managed/js/activeview/current/ufs_web_display.js:82:756
n.next@https://pagead2.googlesyndication.com/pagead/managed/js/activeview/current/ufs_web_display.js:82:523
jf/</<@https://pagead2.googlesyndication.com/pagead/managed/js/activeview/current/ufs_web_display.js:104:904
M/this.ie@https://pagead2.googlesyndication.com/pagead/managed/js/activeview/current/ufs_web_display.js:92:990
n.next@https://pagead2.googlesyndication.com/pagead/managed/js/activeview/current/ufs_web_display.js:82:523
n.ie@https://pagead2.googlesyndication.com/pagead/managed/js/activeview/current/ufs_web_display.js:82:756
n.next@https://pagead2.googlesyndication.com/pagead/managed/js/activeview/current/ufs_web_display.js:82:523
N/</<@https://pagead2.googlesyndication.com/pagead/managed/js/activeview/current/ufs_web_display.js:93:473
M/this.ie@https://pagead2.googlesyndication.com/pagead/managed/js/activeview/current/ufs_web_display.js:92:990
n.next@https://pagead2.googlesyndication.com/pagead/managed/js/activeview/current/ufs_web_display.js:82:523
P/</<@https://pagead2.googlesyndication.com/pagead/managed/js/activeview/current/ufs_web_display.js:103:1469
M/this.ie@https://pagead2.googlesyndication.com/pagead/managed/js/activeview/current/ufs_web_display.js:92:990
n.next@https://pagead2.googlesyndication.com/pagead/managed/js/activeview/current/ufs_web_display.js:82:523
Vd/</<@https://pagead2.googlesyndication.com/pagead/managed/js/activeview/current/ufs_web_display.js:98:1544
M/this.ie@https://pagead2.googlesyndication.com/pagead/managed/js/activeview/current/ufs_web_display.js:92:990
n.next@https://pagead2.googlesyndication.com/pagead/managed/js/activeview/current/ufs_web_display.js:82:523
Mh/c/</</<@https://pagead2.googlesyndication.com/pagead/managed/js/activeview/current/ufs_web_display.js:146:321
Ua@https://pagead2.googlesyndication.com/pagead/managed/js/activeview/current/ufs_web_display.js:51:339
Pa.prototype.flush@https://pagead2.googlesyndication.com/pagead/managed/js/activeview/current/ufs_web_display.js:51:127
Ta@https://pagead2.googlesyndication.com/pagead/managed/js/activeview/current/ufs_web_display.js:50:483
Mh/c/</<@https://pagead2.googlesyndication.com/pagead/managed/js/activeview/current/ufs_web_display.js:146:293
qc.prototype.next@https://pagead2.googlesyndication.com/pagead/managed/js/activeview/current/ufs_web_display.js:83:218
n.ie@https://pagead2.googlesyndication.com/pagead/managed/js/activeview/current/ufs_web_display.js:82:756
n.next@https://pagead2.googlesyndication.com/pagead/managed/js/activeview/current/ufs_web_display.js:82:523
qg/</</</<@https://pagead2.googlesyndication.com/pagead/managed/js/activeview/current/ufs_web_display.js:123:515
Oa.prototype.yc/<@https://pagead2.googlesyndication.com/pagead/managed/js/activeview/current/ufs_web_display.js:50:315
qg/</</<@https://pagead2.googlesyndication.com/pagead/managed/js/activeview/current/ufs_web_display.js:123:524
qc.prototype.next@https://pagead2.googlesyndication.com/pagead/managed/js/activeview/current/ufs_web_display.js:83:218
n.ie@https://pagead2.googlesyndication.com/pagead/managed/js/activeview/current/ufs_web_display.js:82:756
n.next@https://pagead2.googlesyndication.com/pagead/managed/js/activeview/current/ufs_web_display.js:82:523
qg/</</</<@https://pagead2.googlesyndication.com/pagead/managed/js/activeview/current/ufs_web_display.js:123:515
Oa.prototype.yc/<@https://pagead2.googlesyndication.com/pagead/managed/js/activeview/current/ufs_web_display.js:50:315
qg/</</<@https://pagead2.googlesyndication.com/pagead/managed/js/activeview/current/ufs_web_display.js:123:524
qc.prototype.next@https://pagead2.googlesyndication.com/pagead/managed/js/activeview/current/ufs_web_display.js:83:218
n.ie@https://pagead2.googlesyndication.com/pagead/managed/js/activeview/current/ufs_web_display.js:82:756
n.next@https://pagead2.googlesyndication.com/pagead/managed/js/activeview/current/ufs_web_display.js:82:523
h@https://pagead2.googlesyndication.com/pagead/managed/js/activeview/current/ufs_web_display.js:95:477

JavaScript error: https://pagead2.googlesyndication.com/pagead/js/adsbygoogle.js, line 90: TagError: adsbygoogle.push() error: No slot size for availableWidth=0
JavaScript error: https://pagead2.googlesyndication.com/pagead/js/adsbygoogle.js, line 90: TagError: adsbygoogle.push() error: No slot size for availableWidth=0
JavaScript error: https://pagead2.googlesyndication.com/pagead/js/adsbygoogle.js, line 90: TagError: adsbygoogle.push() error: No slot size for availableWidth=0
JavaScript error: https://pagead2.googlesyndication.com/pagead/js/adsbygoogle.js, line 90: TagError: adsbygoogle.push() error: No slot size for availableWidth=0
JavaScript error: https://pagead2.googlesyndication.com/pagead/js/adsbygoogle.js, line 90: TagError: adsbygoogle.push() error: No slot size for availableWidth=0
JavaScript error: https://pagead2.googlesyndication.com/pagead/js/adsbygoogle.js, line 90: TagError: adsbygoogle.push() error: No slot size for availableWidth=0
JavaScript error: , line 0: uncaught exception: undefined
JavaScript warning: https://pagead2.googlesyndication.com/pagead/managed/js/activeview/current/ufs_web_display.js, line 272: Script terminated by timeout at:
Ep@https://pagead2.googlesyndication.com/pagead/managed/js/activeview/current/ufs_web_display.js:272:171
Np<@https://pagead2.googlesyndication.com/pagead/managed/js/activeview/current/ufs_web_display.js:280:1183
N/</<@https://pagead2.googlesyndication.com/pagead/managed/js/activeview/current/ufs_web_display.js:93:480
M/this.ie@https://pagead2.googlesyndication.com/pagead/managed/js/activeview/current/ufs_web_display.js:92:990
n.next@https://pagead2.googlesyndication.com/pagead/managed/js/activeview/current/ufs_web_display.js:82:523
O/</<@https://pagead2.googlesyndication.com/pagead/managed/js/activeview/current/ufs_web_display.js:98:1197
M/this.ie@https://pagead2.googlesyndication.com/pagead/managed/js/activeview/current/ufs_web_display.js:92:990
n.next@https://pagead2.googlesyndication.com/pagead/managed/js/activeview/current/ufs_web_display.js:82:523
n.ie@https://pagead2.googlesyndication.com/pagead/managed/js/activeview/current/ufs_web_display.js:82:756
n.next@https://pagead2.googlesyndication.com/pagead/managed/js/activeview/current/ufs_web_display.js:82:523
n.next@https://pagead2.googlesyndication.com/pagead/managed/js/activeview/current/ufs_web_display.js:85:1008
bd.prototype.next@https://pagead2.googlesyndication.com/pagead/managed/js/activeview/current/ufs_web_display.js:91:1293
qc.prototype.next@https://pagead2.googlesyndication.com/pagead/managed/js/activeview/current/ufs_web_display.js:83:218
n.ie@https://pagead2.googlesyndication.com/pagead/managed/js/activeview/current/ufs_web_display.js:82:756
n.next@https://pagead2.googlesyndication.com/pagead/managed/js/activeview/current/ufs_web_display.js:82:523
n.ie@https://pagead2.googlesyndication.com/pagead/managed/js/activeview/current/ufs_web_display.js:82:756
n.next@https://pagead2.googlesyndication.com/pagead/managed/js/activeview/current/ufs_web_display.js:82:523
n.next@https://pagead2.googlesyndication.com/pagead/managed/js/activeview/current/ufs_web_display.js:85:1008
bd.prototype.next@https://pagead2.googlesyndication.com/pagead/managed/js/activeview/current/ufs_web_display.js:91:1293
qc.prototype.next@https://pagead2.googlesyndication.com/pagead/managed/js/activeview/current/ufs_web_display.js:83:218
n.ie@https://pagead2.googlesyndication.com/pagead/managed/js/activeview/current/ufs_web_display.js:82:756
n.next@https://pagead2.googlesyndication.com/pagead/managed/js/activeview/current/ufs_web_display.js:82:523
n.ie@https://pagead2.googlesyndication.com/pagead/managed/js/activeview/current/ufs_web_display.js:82:756
n.next@https://pagead2.googlesyndication.com/pagead/managed/js/activeview/current/ufs_web_display.js:82:523
n.next@https://pagead2.googlesyndication.com/pagead/managed/js/activeview/current/ufs_web_display.js:85:1008
bd.prototype.next@https://pagead2.googlesyndication.com/pagead/managed/js/activeview/current/ufs_web_display.js:91:1293
qc.prototype.next@https://pagead2.googlesyndication.com/pagead/managed/js/activeview/current/ufs_web_display.js:83:218
n.ie@https://pagead2.googlesyndication.com/pagead/managed/js/activeview/current/ufs_web_display.js:82:756
n.next@https://pagead2.googlesyndication.com/pagead/managed/js/activeview/current/ufs_web_display.js:82:523
n.ie@https://pagead2.googlesyndication.com/pagead/managed/js/activeview/current/ufs_web_display.js:82:756
n.next@https://pagead2.googlesyndication.com/pagead/managed/js/activeview/current/ufs_web_display.js:82:523
n.next@https://pagead2.googlesyndication.com/pagead/managed/js/activeview/current/ufs_web_display.js:85:1008
bd.prototype.next@https://pagead2.googlesyndication.com/pagead/managed/js/activeview/current/ufs_web_display.js:91:1293
qc.prototype.next@https://pagead2.googlesyndication.com/pagead/managed/js/activeview/current/ufs_web_display.js:83:218
n.ie@https://pagead2.googlesyndication.com/pagead/managed/js/activeview/current/ufs_web_display.js:82:756
n.next@https://pagead2.googlesyndication.com/pagead/managed/js/activeview/current/ufs_web_display.js:82:523
n.ie@https://pagead2.googlesyndication.com/pagead/managed/js/activeview/current/ufs_web_display.js:82:756
n.next@https://pagead2.googlesyndication.com/pagead/managed/js/activeview/current/ufs_web_display.js:82:523
n.next@https://pagead2.googlesyndication.com/pagead/managed/js/activeview/current/ufs_web_display.js:85:1008
bd.prototype.next@https://pagead2.googlesyndication.com/pagead/managed/js/activeview/current/ufs_web_display.js:91:1293
qc.prototype.next@https://pagead2.googlesyndication.com/pagead/managed/js/activeview/current/ufs_web_display.js:83:218
n.ie@https://pagead2.googlesyndication.com/pagead/managed/js/activeview/current/ufs_web_display.js:82:756
n.next@https://pagead2.googlesyndication.com/pagead/managed/js/activeview/current/ufs_web_display.js:82:523
jf/</<@https://pagead2.googlesyndication.com/pagead/managed/js/activeview/current/ufs_web_display.js:104:904
M/this.ie@https://pagead2.googlesyndication.com/pagead/managed/js/activeview/current/ufs_web_display.js:92:990
n.next@https://pagead2.googlesyndication.com/pagead/managed/js/activeview/current/ufs_web_display.js:82:523
N/</<@https://pagead2.googlesyndication.com/pagead/managed/js/activeview/current/ufs_web_display.js:93:473
M/this.ie@https://pagead2.googlesyndication.com/pagead/managed/js/activeview/current/ufs_web_display.js:92:990
n.next@https://pagead2.googlesyndication.com/pagead/managed/js/activeview/current/ufs_web_display.js:82:523
n.ie@https://pagead2.googlesyndication.com/pagead/managed/js/activeview/current/ufs_web_display.js:82:756
n.next@https://pagead2.googlesyndication.com/pagead/managed/js/activeview/current/ufs_web_display.js:82:523
mp/</h/<@https://pagead2.googlesyndication.com/pagead/managed/js/activeview/current/ufs_web_display.js:261:1966
Ua@https://pagead2.googlesyndication.com/pagead/managed/js/activeview/current/ufs_web_display.js:51:339
Pa.prototype.flush@https://pagead2.googlesyndication.com/pagead/managed/js/activeview/current/ufs_web_display.js:51:147
Ta@https://pagead2.googlesyndication.com/pagead/managed/js/activeview/current/ufs_web_display.js:50:483
Mh/c/</<@https://pagead2.googlesyndication.com/pagead/managed/js/activeview/current/ufs_web_display.js:146:293
qc.prototype.next@https://pagead2.googlesyndication.com/pagead/managed/js/activeview/current/ufs_web_display.js:83:218
n.ie@https://pagead2.googlesyndication.com/pagead/managed/js/activeview/current/ufs_web_display.js:82:756
n.next@https://pagead2.googlesyndication.com/pagead/managed/js/activeview/current/ufs_web_display.js:82:523
Ad/k/<@https://pagead2.googlesyndication.com/pagead/managed/js/activeview/current/ufs_web_display.js:94:510
M/this.ie@https://pagead2.googlesyndication.com/pagead/managed/js/activeview/current/ufs_web_display.js:92:990
n.next@https://pagead2.googlesyndication.com/pagead/managed/js/activeview/current/ufs_web_display.js:82:523
Rc/<@https://pagead2.googlesyndication.com/pagead/managed/js/activeview/current/ufs_web_display.js:89:81
n.ke@https://pagead2.googlesyndication.com/pagead/managed/js/activeview/current/ufs_web_display.js:84:795
n.subscribe@https://pagead2.googlesyndication.com/pagead/managed/js/activeview/current/ufs_web_display.js:84:745
k@https://pagead2.googlesyndication.com/pagead/managed/js/activeview/current/ufs_web_display.js:94:478
Ad/<@https://pagead2.googlesyndication.com/pagead/managed/js/activeview/current/ufs_web_display.js:94:682
M/this.ie@https://pagead2.googlesyndication.com/pagead/managed/js/activeview/current/ufs_web_display.js:92:990
n.next@https://pagead2.googlesyndication.com/pagead/managed/js/activeview/current/ufs_web_display.js:82:523
Rc/<@https://pagead2.googlesyndication.com/pagead/managed/js/activeview/current/ufs_web_display.js:89:81
n.ke@https://pagead2.googlesyndication.com/pagead/managed/js/activeview/current/ufs_web_display.js:84:795
n.subscribe@https://pagead2.googlesyndication.com/pagead/managed/js/activeview/current/ufs_web_display.js:84:745
Ad@https://pagead2.googlesyndication.com/pagead/managed/js/activeview/current/ufs_web_display.js:94:641
Bd/<@https://pagead2.googlesyndication.com/pagead/managed/js/activeview/current/ufs_web_display.js:94:975
hd/</<@https://pagead2.googlesyndication.com/pagead/managed/js/activeview/current/ufs_web_display.js:92:1471
n.subscribe@https://pagead2.googlesyndication.com/pagead/managed/js/activeview/current/ufs_web_display.js:84:717
R/<@https://pagead2.googlesyndication.com/pagead/managed/js/activeview/current/ufs_web_display.js:104:282
hd/</<@https://pagead2.googlesyndication.com/pagead/managed/js/activeview/current/ufs_web_display.js:92:1471
n.subscribe@https://pagead2.googlesyndication.com/pagead/managed/js/activeview/current/ufs_web_display.js:84:717
Mh/c/<@https://pagead2.googlesyndication.com/pagead/managed/js/activeview/current/ufs_web_display.js:146:269
n.ke@https://pagead2.googlesyndication.com/pagead/managed/js/activeview/current/ufs_web_display.js:84:795
n.subscribe@https://pagead2.googlesyndication.com/pagead/managed/js/activeview/current/ufs_web_display.js:84:745
ld/</<@https://pagead2.googlesyndication.com/pagead/managed/js/activeview/current/ufs_web_display.js:93:372
Md.prototype.Mf@https://pagead2.googlesyndication.com/pagead/managed/js/activeview/current/ufs_web_display.js:97:332
Xd.prototype.execute@https://pagead2.googlesyndication.com/pagead/managed/js/activeview/current/ufs_web_display.js:99:463
Od.prototype.flush@https://pagead2.googlesyndication.com/pagead/managed/js/activeview/current/ufs_web_display.js:98:457
Xd.prototype.M@https://pagead2.googlesyndication.com/pagead/managed/js/activeview/current/ufs_web_display.js:99:338
ed.prototype.M@https://pagead2.googlesyndication.com/pagead/managed/js/activeview/current/ufs_web_display.js:92:512
ld/<@https://pagead2.googlesyndication.com/pagead/managed/js/activeview/current/ufs_web_display.js:93:350
hd/</<@https://pagead2.googlesyndication.com/pagead/managed/js/activeview/current/ufs_web_display.js:92:1471
n.subscribe@https://pagead2.googlesyndication.com/pagead/managed/js/activeview/current/ufs_web_display.js:84:717
jd.prototype.connect@https://pagead2.googlesyndication.com/pagead/managed/js/activeview/current/ufs_web_display.js:93:111
id/<@https://pagead2.googlesyndication.com/pagead/managed/js/activeview/current/ufs_web_display.js:92:1775
hd/</<@https://pagead2.googlesyndication.com/pagead/managed/js/activeview/current/ufs_web_display.js:92:1471
n.subscribe@https://pagead2.googlesyndication.com/pagead/managed/js/activeview/current/ufs_web_display.js:84:717
Mh/c/<@https://pagead2.googlesyndication.com/pagead/managed/js/activeview/current/ufs_web_display.js:146:269
n.ke@https://pagead2.googlesyndication.com/pagead/managed/js/activeview/current/ufs_web_display.js:84:795
n.subscribe@https://pagead2.googlesyndication.com/pagead/managed/js/activeview/current/ufs_web_display.js:84:745
N/<@https://pagead2.googlesyndication.com/pagead/managed/js/activeview/current/ufs_web_display.js:93:441
hd/</<@https://pagead2.googlesyndication.com/pagead/managed/js/activeview/current/ufs_web_display.js:92:1471
n.subscribe@https://pagead2.googlesyndication.com/pagead/managed/js/activeview/current/ufs_web_display.js:84:717
Ad@https://pagead2.googlesyndication.com/pagead/managed/js/activeview/current/ufs_web_display.js:94:641
Bd/<@https://pagead2.googlesyndication.com/pagead/managed/js/activeview/current/ufs_web_display.js:94:975
hd/</<@https://pagead2.googlesyndication.com/pagead/managed/js/activeview/current/ufs_web_display.js:92:1471
n.subscribe@https://pagead2.googlesyndication.com/pagead/managed/js/activeview/current/ufs_web_display.js:84:717
Te/<@https://pagead2.googlesyndication.com/pagead/managed/js/activeview/current/ufs_web_display.js:103:1223
hd/</<@https://pagead2.googlesyndication.com/pagead/managed/js/activeview/current/ufs_web_display.js:92:1471
n.subscribe@https://pagead2.googlesyndication.com/pagead/managed/js/activeview/current/ufs_web_display.js:84:717
N/<@https://pagead2.googlesyndication.com/pagead/managed/js/activeview/current/ufs_web_display.js:93:441
hd/</<@https://pagead2.googlesyndication.com/pagead/managed/js/activeview/current/ufs_web_display.js:92:1471
n.subscribe@https://pagead2.googlesyndication.com/pagead/managed/js/activeview/current/ufs_web_display.js:84:717
Bt.prototype.start@https://pagead2.googlesyndication.com/pagead/managed/js/activeview/current/ufs_web_display.js:338:266
dt.prototype.start@https://pagead2.googlesyndication.com/pagead/managed/js/activeview/current/ufs_web_display.js:330:161
@https://pagead2.googlesyndication.com/pagead/managed/js/activeview/current/ufs_web_display.js:399:283
@https://pagead2.googlesyndication.com/pagead/managed/js/activeview/current/ufs_web_display.js:399:372
@https://pagead2.googlesyndication.com/pagead/managed/js/activeview/current/ufs_web_display.js:399:382

JavaScript error: https://pagead2.googlesyndication.com/pagead/js/adsbygoogle.js, line 90: TagError: adsbygoogle.push() error: No slot size for availableWidth=0
JavaScript error: https://pagead2.googlesyndication.com/pagead/js/adsbygoogle.js, line 90: TagError: adsbygoogle.push() error: No slot size for availableWidth=0
JavaScript error: https://pagead2.googlesyndication.com/pagead/js/adsbygoogle.js, line 90: TagError: adsbygoogle.push() error: No slot size for availableWidth=0
JavaScript error: https://pagead2.googlesyndication.com/pagead/js/adsbygoogle.js, line 90: TagError: adsbygoogle.push() error: No slot size for availableWidth=0
JavaScript error: https://pagead2.googlesyndication.com/pagead/js/adsbygoogle.js, line 90: TagError: adsbygoogle.push() error: No slot size for availableWidth=0
JavaScript error: https://pagead2.googlesyndication.com/pagead/js/adsbygoogle.js, line 90: TagError: adsbygoogle.push() error: No slot size for availableWidth=0
JavaScript error: , line 0: uncaught exception: undefined
JavaScript error: https://pagead2.googlesyndication.com/pagead/js/adsbygoogle.js, line 90: TagError: adsbygoogle.push() error: No slot size for availableWidth=0
JavaScript error: https://pagead2.googlesyndication.com/pagead/js/adsbygoogle.js, line 90: TagError: adsbygoogle.push() error: No slot size for availableWidth=0
JavaScript error: https://pagead2.googlesyndication.com/pagead/js/adsbygoogle.js, line 90: TagError: adsbygoogle.push() error: No slot size for availableWidth=0
JavaScript error: https://pagead2.googlesyndication.com/pagead/js/adsbygoogle.js, line 90: TagError: adsbygoogle.push() error: No slot size for availableWidth=0
JavaScript error: https://pagead2.googlesyndication.com/pagead/js/adsbygoogle.js, line 90: TagError: adsbygoogle.push() error: No slot size for availableWidth=0
JavaScript error: https://pagead2.googlesyndication.com/pagead/js/adsbygoogle.js, line 90: TagError: adsbygoogle.push() error: No slot size for availableWidth=0
JavaScript error: https://pagead2.googlesyndication.com/pagead/js/adsbygoogle.js, line 90: TagError: adsbygoogle.push() error: No slot size for availableWidth=0
JavaScript error: https://pagead2.googlesyndication.com/pagead/js/adsbygoogle.js, line 90: TagError: adsbygoogle.push() error: No slot size for availableWidth=0
JavaScript error: https://pagead2.googlesyndication.com/pagead/js/adsbygoogle.js, line 90: TagError: adsbygoogle.push() error: No slot size for availableWidth=0
JavaScript error: https://pagead2.googlesyndication.com/pagead/js/adsbygoogle.js, line 90: TagError: adsbygoogle.push() error: No slot size for availableWidth=0
JavaScript error: https://pagead2.googlesyndication.com/pagead/js/adsbygoogle.js, line 90: TagError: adsbygoogle.push() error: No slot size for availableWidth=0
JavaScript error: https://pagead2.googlesyndication.com/pagead/js/adsbygoogle.js, line 90: TagError: adsbygoogle.push() error: No slot size for availableWidth=0
JavaScript error: , line 0: uncaught exception: undefined
JavaScript error: https://pagead2.googlesyndication.com/pagead/js/adsbygoogle.js, line 90: TagError: adsbygoogle.push() error: No slot size for availableWidth=0
JavaScript error: https://pagead2.googlesyndication.com/pagead/js/adsbygoogle.js, line 90: TagError: adsbygoogle.push() error: No slot size for availableWidth=0
JavaScript error: https://pagead2.googlesyndication.com/pagead/js/adsbygoogle.js, line 90: TagError: adsbygoogle.push() error: No slot size for availableWidth=0
JavaScript error: https://pagead2.googlesyndication.com/pagead/js/adsbygoogle.js, line 90: TagError: adsbygoogle.push() error: No slot size for availableWidth=0
JavaScript error: https://pagead2.googlesyndication.com/pagead/js/adsbygoogle.js, line 90: TagError: adsbygoogle.push() error: No slot size for availableWidth=0
JavaScript error: https://pagead2.googlesyndication.com/pagead/js/adsbygoogle.js, line 90: TagError: adsbygoogle.push() error: No slot size for availableWidth=0
JavaScript warning: https://pagead2.googlesyndication.com/bg/VXNW79gqQX8ZcaCZgbEoDHet6f6szJZilX3LzAyYl-4.js, line 5717: unreachable code after return statement
JavaScript warning: https://pagead2.googlesyndication.com/bg/VXNW79gqQX8ZcaCZgbEoDHet6f6szJZilX3LzAyYl-4.js, line 5717: unreachable code after return statement
JavaScript warning: https://pagead2.googlesyndication.com/bg/VXNW79gqQX8ZcaCZgbEoDHet6f6szJZilX3LzAyYl-4.js, line 5717: unreachable code after return statement
JavaScript warning: https://pagead2.googlesyndication.com/bg/VXNW79gqQX8ZcaCZgbEoDHet6f6szJZilX3LzAyYl-4.js line 2 > eval, line 5717: unreachable code after return statement
JavaScript warning: https://pagead2.googlesyndication.com/bg/VXNW79gqQX8ZcaCZgbEoDHet6f6szJZilX3LzAyYl-4.js line 2 > eval, line 5717: unreachable code after return statement
JavaScript warning: https://pagead2.googlesyndication.com/bg/VXNW79gqQX8ZcaCZgbEoDHet6f6szJZilX3LzAyYl-4.js line 2 > eval line 5717 > eval, line 1: unreachable code after return statement
JavaScript warning: https://pagead2.googlesyndication.com/bg/VXNW79gqQX8ZcaCZgbEoDHet6f6szJZilX3LzAyYl-4.js line 2 > eval line 5717 > eval line 1 > eval, line 1: unreachable code after return statement
JavaScript warning: https://pagead2.googlesyndication.com/bg/VXNW79gqQX8ZcaCZgbEoDHet6f6szJZilX3LzAyYl-4.js line 2 > eval, line 5717: unreachable code after return statement
JavaScript warning: https://pagead2.googlesyndication.com/bg/VXNW79gqQX8ZcaCZgbEoDHet6f6szJZilX3LzAyYl-4.js line 2 > eval line 5717 > eval line 1 > eval, line 1: unreachable code after return statement
JavaScript warning: https://pagead2.googlesyndication.com/bg/VXNW79gqQX8ZcaCZgbEoDHet6f6szJZilX3LzAyYl-4.js line 2 > eval line 5717 > eval line 1 > eval line 1 > eval, line 1: unreachable code after return statement
JavaScript warning: https://pagead2.googlesyndication.com/pagead/managed/js/activeview/current/ufs_web_display.js, line 308: Script terminated by timeout at:
Rr/</<@https://pagead2.googlesyndication.com/pagead/managed/js/activeview/current/ufs_web_display.js:308:211
Rr/<@https://pagead2.googlesyndication.com/pagead/managed/js/activeview/current/ufs_web_display.js:308:194
N/</<@https://pagead2.googlesyndication.com/pagead/managed/js/activeview/current/ufs_web_display.js:93:480
M/this.ie@https://pagead2.googlesyndication.com/pagead/managed/js/activeview/current/ufs_web_display.js:92:990
n.next@https://pagead2.googlesyndication.com/pagead/managed/js/activeview/current/ufs_web_display.js:82:523
wd/</</</<@https://pagead2.googlesyndication.com/pagead/managed/js/activeview/current/ufs_web_display.js:94:303
n.next@https://pagead2.googlesyndication.com/pagead/managed/js/activeview/current/ufs_web_display.js:82:523
N/</<@https://pagead2.googlesyndication.com/pagead/managed/js/activeview/current/ufs_web_display.js:93:473
M/this.ie@https://pagead2.googlesyndication.com/pagead/managed/js/activeview/current/ufs_web_display.js:92:990
n.next@https://pagead2.googlesyndication.com/pagead/managed/js/activeview/current/ufs_web_display.js:82:523
Mh/c/</</<@https://pagead2.googlesyndication.com/pagead/managed/js/activeview/current/ufs_web_display.js:146:321
Ua@https://pagead2.googlesyndication.com/pagead/managed/js/activeview/current/ufs_web_display.js:51:339
Pa.prototype.flush@https://pagead2.googlesyndication.com/pagead/managed/js/activeview/current/ufs_web_display.js:51:127
Ta@https://pagead2.googlesyndication.com/pagead/managed/js/activeview/current/ufs_web_display.js:50:483
Mh/c/</<@https://pagead2.googlesyndication.com/pagead/managed/js/activeview/current/ufs_web_display.js:146:293
qc.prototype.next@https://pagead2.googlesyndication.com/pagead/managed/js/activeview/current/ufs_web_display.js:83:218
n.ie@https://pagead2.googlesyndication.com/pagead/managed/js/activeview/current/ufs_web_display.js:82:756
n.next@https://pagead2.googlesyndication.com/pagead/managed/js/activeview/current/ufs_web_display.js:82:523
qg/</</</<@https://pagead2.googlesyndication.com/pagead/managed/js/activeview/current/ufs_web_display.js:123:515
Oa.prototype.yc/<@https://pagead2.googlesyndication.com/pagead/managed/js/activeview/current/ufs_web_display.js:50:315
qg/</</<@https://pagead2.googlesyndication.com/pagead/managed/js/activeview/current/ufs_web_display.js:123:524
qc.prototype.next@https://pagead2.googlesyndication.com/pagead/managed/js/activeview/current/ufs_web_display.js:83:218
n.ie@https://pagead2.googlesyndication.com/pagead/managed/js/activeview/current/ufs_web_display.js:82:756
n.next@https://pagead2.googlesyndication.com/pagead/managed/js/activeview/current/ufs_web_display.js:82:523
qg/</</</<@https://pagead2.googlesyndication.com/pagead/managed/js/activeview/current/ufs_web_display.js:123:515
Oa.prototype.yc/<@https://pagead2.googlesyndication.com/pagead/managed/js/activeview/current/ufs_web_display.js:50:315
qg/</</<@https://pagead2.googlesyndication.com/pagead/managed/js/activeview/current/ufs_web_display.js:123:524
qc.prototype.next@https://pagead2.googlesyndication.com/pagead/managed/js/activeview/current/ufs_web_display.js:83:218
n.ie@https://pagead2.googlesyndication.com/pagead/managed/js/activeview/current/ufs_web_display.js:82:756
n.next@https://pagead2.googlesyndication.com/pagead/managed/js/activeview/current/ufs_web_display.js:82:523
h@https://pagead2.googlesyndication.com/pagead/managed/js/activeview/current/ufs_web_display.js:95:477

JavaScript error: https://pagead2.googlesyndication.com/pagead/js/adsbygoogle.js, line 90: TagError: adsbygoogle.push() error: No slot size for availableWidth=0
JavaScript error: https://pagead2.googlesyndication.com/pagead/js/adsbygoogle.js, line 90: TagError: adsbygoogle.push() error: No slot size for availableWidth=0
JavaScript error: https://pagead2.googlesyndication.com/pagead/js/adsbygoogle.js, line 90: TagError: adsbygoogle.push() error: No slot size for availableWidth=0
JavaScript error: https://pagead2.googlesyndication.com/pagead/js/adsbygoogle.js, line 90: TagError: adsbygoogle.push() error: No slot size for availableWidth=0
JavaScript error: https://pagead2.googlesyndication.com/pagead/js/adsbygoogle.js, line 90: TagError: adsbygoogle.push() error: No slot size for availableWidth=0
JavaScript error: https://pagead2.googlesyndication.com/pagead/js/adsbygoogle.js, line 90: TagError: adsbygoogle.push() error: No slot size for availableWidth=0
JavaScript error: https://pagead2.googlesyndication.com/pagead/js/adsbygoogle.js, line 90: TagError: adsbygoogle.push() error: No slot size for availableWidth=0
JavaScript error: https://pagead2.googlesyndication.com/pagead/js/adsbygoogle.js, line 90: TagError: adsbygoogle.push() error: No slot size for availableWidth=0
JavaScript error: https://pagead2.googlesyndication.com/pagead/js/adsbygoogle.js, line 90: TagError: adsbygoogle.push() error: No slot size for availableWidth=0
JavaScript error: https://pagead2.googlesyndication.com/pagead/js/adsbygoogle.js, line 90: TagError: adsbygoogle.push() error: No slot size for availableWidth=0
JavaScript error: https://pagead2.googlesyndication.com/pagead/js/adsbygoogle.js, line 90: TagError: adsbygoogle.push() error: No slot size for availableWidth=0
JavaScript error: https://pagead2.googlesyndication.com/pagead/js/adsbygoogle.js, line 90: TagError: adsbygoogle.push() error: No slot size for availableWidth=0
JavaScript error: , line 0: uncaught exception: undefined
JavaScript error: https://pagead2.googlesyndication.com/pagead/js/adsbygoogle.js, line 90: TagError: adsbygoogle.push() error: No slot size for availableWidth=0
JavaScript error: https://pagead2.googlesyndication.com/pagead/js/adsbygoogle.js, line 90: TagError: adsbygoogle.push() error: No slot size for availableWidth=0
JavaScript error: https://pagead2.googlesyndication.com/pagead/js/adsbygoogle.js, line 90: TagError: adsbygoogle.push() error: No slot size for availableWidth=0
JavaScript error: https://pagead2.googlesyndication.com/pagead/js/adsbygoogle.js, line 90: TagError: adsbygoogle.push() error: No slot size for availableWidth=0
JavaScript error: https://pagead2.googlesyndication.com/pagead/js/adsbygoogle.js, line 90: TagError: adsbygoogle.push() error: No slot size for availableWidth=0
JavaScript error: https://pagead2.googlesyndication.com/pagead/js/adsbygoogle.js, line 90: TagError: adsbygoogle.push() error: No slot size for availableWidth=0
1771827369745	Marionette	WARN	Ignoring event 'DOMContentLoaded' because document has an invalid readyState of 'complete'.
1771827369746	Marionette	WARN	Ignoring event 'DOMContentLoaded' because document has an invalid readyState of 'complete'.
1771827369746	Marionette	WARN	Ignoring event 'DOMContentLoaded' because document has an invalid readyState of 'complete'.
JavaScript error: https://pagead2.googlesyndication.com/pagead/js/adsbygoogle.js, line 90: TagError: adsbygoogle.push() error: No slot size for availableWidth=0
JavaScript error: https://pagead2.googlesyndication.com/pagead/js/adsbygoogle.js, line 90: TagError: adsbygoogle.push() error: No slot size for availableWidth=0
JavaScript error: https://pagead2.googlesyndication.com/pagead/js/adsbygoogle.js, line 90: TagError: adsbygoogle.push() error: No slot size for availableWidth=0
JavaScript error: https://pagead2.googlesyndication.com/pagead/js/adsbygoogle.js, line 90: TagError: adsbygoogle.push() error: No slot size for availableWidth=0
JavaScript error: https://pagead2.googlesyndication.com/pagead/js/adsbygoogle.js, line 90: TagError: adsbygoogle.push() error: No slot size for availableWidth=0
JavaScript error: https://pagead2.googlesyndication.com/pagead/js/adsbygoogle.js, line 90: TagError: adsbygoogle.push() error: No slot size for availableWidth=0
JavaScript error: https://pagead2.googlesyndication.com/pagead/js/adsbygoogle.js, line 90: TagError: adsbygoogle.push() error: No slot size for availableWidth=0
JavaScript error: https://pagead2.googlesyndication.com/pagead/js/adsbygoogle.js, line 90: TagError: adsbygoogle.push() error: No slot size for availableWidth=0
JavaScript error: https://pagead2.googlesyndication.com/pagead/js/adsbygoogle.js, line 90: TagError: adsbygoogle.push() error: No slot size for availableWidth=0
JavaScript error: https://pagead2.googlesyndication.com/pagead/js/adsbygoogle.js, line 90: TagError: adsbygoogle.push() error: No slot size for availableWidth=0
JavaScript error: https://pagead2.googlesyndication.com/pagead/js/adsbygoogle.js, line 90: TagError: adsbygoogle.push() error: No slot size for availableWidth=0
JavaScript error: https://pagead2.googlesyndication.com/pagead/js/adsbygoogle.js, line 90: TagError: adsbygoogle.push() error: No slot size for availableWidth=0
1771827372685	Marionette	INFO	Stopped listening on port 51608
Dynamically enable window occlusion 1
console.warn: TopSitesFeed: Failed to fetch data from MARS server: NetworkError when attempting to fetch resource.
console.error: RemoteSecuritySettings: 
  failed to download CRLite filter
Object
  - prototype Object
    - columnNumber = 11
    - data = null
    - filename = resource://gre/modules/ServiceRequest.sys.mjs
    - lineNumber = 126
    - location = {"name":"open","filename":"resource://gre/modules/ServiceRequest.sys.mjs","sourceId":29,"lineNumber":126,"columnNumber":11,"asyncCause":null,"asyncCaller":null,"caller":{"filename":"resource://services-settings/Utils.sys.mjs","name":"fetch/<","sourceId":28,"lineNumber":273,"columnNumber":15,"asyncCause":null,"asyncCaller":null,"caller":{"filename":"resource://services-settings/Utils.sys.mjs","name":"fetch","sourceId":28,"lineNumber":224,"columnNumber":12,"asyncCause":null,"asyncCaller":null,"caller":{"filename":"resource://services-settings/Attachments.sys.mjs","name":"_fetchAttachment","sourceId":27,"lineNumber":560,"columnNumber":35,"asyncCause":null,"asyncCaller":null,"caller":{"filename":"resource://services-settings/Attachments.sys.mjs","name":"downloadAsBytes","sourceId":27,"lineNumber":537,"columnNumber":35,"asyncCause":null,"asyncCaller":null,"caller":null,"formattedStack":"downloadAsBytes@resource://services-settings/Attachments.sys.mjs:537:35\n","nativeSavedFrame":{}},"formattedStack":"_fetchAttachment@resource://services-settings/Attachments.sys.mjs:560:35\ndownloadAsBytes@resource://services-settings/Attachments.sys.mjs:537:35\n","nativeSavedFrame":{}},"formattedStack":"fetch@resource://services-settings/Utils.sys.mjs:224:12\n_fetchAttachment@resource://services-settings/Attachments.sys.mjs:560:35\ndownloadAsBytes@resource://services-settings/Attachments.sys.mjs:537:35\n","nativeSavedFrame":{}},"formattedStack":"fetch/<@resource://services-settings/Utils.sys.mjs:273:15\nfetch@resource://services-settings/Utils.sys.mjs:224:12\n_fetchAttachment@resource://services-settings/Attachments.sys.mjs:560:35\ndownloadAsBytes@resource://services-settings/Attachments.sys.mjs:537:35\n","nativeSavedFrame":{}},"formattedStack":"open@resource://gre/modules/ServiceRequest.sys.mjs:126:11\nfetch/<@resource://services-settings/Utils.sys.mjs:273:15\nfetch@resource://services-settings/Utils.sys.mjs:224:12\n_fetchAttachment@resource://services-settings/Attachments.sys.mjs:560:35\ndownloadAsBytes@resource://services-settings/Attachments.sys.mjs:537:35\n","nativeSavedFrame":{}}
    - message = 
    - name = 
    - result = 2152071198
    - stack = open@resource://gre/modules/ServiceRequest.sys.mjs:126:11|fetch/<@resource://services-settings/Utils.sys.mjs:273:15|fetch@resource://services-settings/Utils.sys.mjs:224:12|_fetchAttachment@resource://services-settings/Attachments.sys.mjs:560:35|downloadAsBytes@resource://services-settings/Attachments.sys.mjs:537:35|
  - prototype Object
console.error: RemoteSecuritySettings: 
  failed to download CRLite filter
Object
  - prototype Object
    - columnNumber = 11
    - data = null
    - filename = resource://gre/modules/ServiceRequest.sys.mjs
    - lineNumber = 126
    - location = {"name":"open","filename":"resource://gre/modules/ServiceRequest.sys.mjs","sourceId":29,"lineNumber":126,"columnNumber":11,"asyncCause":null,"asyncCaller":null,"caller":{"filename":"resource://services-settings/Utils.sys.mjs","name":"fetch/<","sourceId":28,"lineNumber":273,"columnNumber":15,"asyncCause":null,"asyncCaller":null,"caller":{"filename":"resource://services-settings/Utils.sys.mjs","name":"fetch","sourceId":28,"lineNumber":224,"columnNumber":12,"asyncCause":null,"asyncCaller":null,"caller":{"filename":"resource://services-settings/Attachments.sys.mjs","name":"_fetchAttachment","sourceId":27,"lineNumber":560,"columnNumber":35,"asyncCause":null,"asyncCaller":null,"caller":{"filename":"resource://services-settings/Attachments.sys.mjs","name":"downloadAsBytes","sourceId":27,"lineNumber":537,"columnNumber":35,"asyncCause":null,"asyncCaller":null,"caller":null,"formattedStack":"downloadAsBytes@resource://services-settings/Attachments.sys.mjs:537:35\n","nativeSavedFrame":{}},"formattedStack":"_fetchAttachment@resource://services-settings/Attachments.sys.mjs:560:35\ndownloadAsBytes@resource://services-settings/Attachments.sys.mjs:537:35\n","nativeSavedFrame":{}},"formattedStack":"fetch@resource://services-settings/Utils.sys.mjs:224:12\n_fetchAttachment@resource://services-settings/Attachments.sys.mjs:560:35\ndownloadAsBytes@resource://services-settings/Attachments.sys.mjs:537:35\n","nativeSavedFrame":{}},"formattedStack":"fetch/<@resource://services-settings/Utils.sys.mjs:273:15\nfetch@resource://services-settings/Utils.sys.mjs:224:12\n_fetchAttachment@resource://services-settings/Attachments.sys.mjs:560:35\ndownloadAsBytes@resource://services-settings/Attachments.sys.mjs:537:35\n","nativeSavedFrame":{}},"formattedStack":"open@resource://gre/modules/ServiceRequest.sys.mjs:126:11\nfetch/<@resource://services-settings/Utils.sys.mjs:273:15\nfetch@resource://services-settings/Utils.sys.mjs:224:12\n_fetchAttachment@resource://services-settings/Attachments.sys.mjs:560:35\ndownloadAsBytes@resource://services-settings/Attachments.sys.mjs:537:35\n","nativeSavedFrame":{}}
    - message = 
    - name = 
    - result = 2152071198
    - stack = open@resource://gre/modules/ServiceRequest.sys.mjs:126:11|fetch/<@resource://services-settings/Utils.sys.mjs:273:15|fetch@resource://services-settings/Utils.sys.mjs:224:12|_fetchAttachment@resource://services-settings/Attachments.sys.mjs:560:35|downloadAsBytes@resource://services-settings/Attachments.sys.mjs:537:35|
  - prototype Object
console.error: RemoteSecuritySettings: 
  failed to download CRLite filter
Object
  - prototype Object
    - columnNumber = 11
    - data = null
    - filename = resource://gre/modules/ServiceRequest.sys.mjs
    - lineNumber = 126
    - location = {"name":"open","filename":"resource://gre/modules/ServiceRequest.sys.mjs","sourceId":29,"lineNumber":126,"columnNumber":11,"asyncCause":null,"asyncCaller":null,"caller":{"filename":"resource://services-settings/Utils.sys.mjs","name":"fetch/<","sourceId":28,"lineNumber":273,"columnNumber":15,"asyncCause":null,"asyncCaller":null,"caller":{"filename":"resource://services-settings/Utils.sys.mjs","name":"fetch","sourceId":28,"lineNumber":224,"columnNumber":12,"asyncCause":null,"asyncCaller":null,"caller":{"filename":"resource://services-settings/Attachments.sys.mjs","name":"_fetchAttachment","sourceId":27,"lineNumber":560,"columnNumber":35,"asyncCause":null,"asyncCaller":null,"caller":{"filename":"resource://services-settings/Attachments.sys.mjs","name":"downloadAsBytes","sourceId":27,"lineNumber":537,"columnNumber":35,"asyncCause":null,"asyncCaller":null,"caller":null,"formattedStack":"downloadAsBytes@resource://services-settings/Attachments.sys.mjs:537:35\n","nativeSavedFrame":{}},"formattedStack":"_fetchAttachment@resource://services-settings/Attachments.sys.mjs:560:35\ndownloadAsBytes@resource://services-settings/Attachments.sys.mjs:537:35\n","nativeSavedFrame":{}},"formattedStack":"fetch@resource://services-settings/Utils.sys.mjs:224:12\n_fetchAttachment@resource://services-settings/Attachments.sys.mjs:560:35\ndownloadAsBytes@resource://services-settings/Attachments.sys.mjs:537:35\n","nativeSavedFrame":{}},"formattedStack":"fetch/<@resource://services-settings/Utils.sys.mjs:273:15\nfetch@resource://services-settings/Utils.sys.mjs:224:12\n_fetchAttachment@resource://services-settings/Attachments.sys.mjs:560:35\ndownloadAsBytes@resource://services-settings/Attachments.sys.mjs:537:35\n","nativeSavedFrame":{}},"formattedStack":"open@resource://gre/modules/ServiceRequest.sys.mjs:126:11\nfetch/<@resource://services-settings/Utils.sys.mjs:273:15\nfetch@resource://services-settings/Utils.sys.mjs:224:12\n_fetchAttachment@resource://services-settings/Attachments.sys.mjs:560:35\ndownloadAsBytes@resource://services-settings/Attachments.sys.mjs:537:35\n","nativeSavedFrame":{}}
    - message = 
    - name = 
    - result = 2152071198
    - stack = open@resource://gre/modules/ServiceRequest.sys.mjs:126:11|fetch/<@resource://services-settings/Utils.sys.mjs:273:15|fetch@resource://services-settings/Utils.sys.mjs:224:12|_fetchAttachment@resource://services-settings/Attachments.sys.mjs:560:35|downloadAsBytes@resource://services-settings/Attachments.sys.mjs:537:35|
  - prototype Object
console.error: RemoteSecuritySettings: 
  failed to download CRLite filter
Object
  - prototype Object
    - columnNumber = 11
    - data = null
    - filename = resource://gre/modules/ServiceRequest.sys.mjs
    - lineNumber = 126
    - location = {"name":"open","filename":"resource://gre/modules/ServiceRequest.sys.mjs","sourceId":29,"lineNumber":126,"columnNumber":11,"asyncCause":null,"asyncCaller":null,"caller":{"filename":"resource://services-settings/Utils.sys.mjs","name":"fetch/<","sourceId":28,"lineNumber":273,"columnNumber":15,"asyncCause":null,"asyncCaller":null,"caller":{"filename":"resource://services-settings/Utils.sys.mjs","name":"fetch","sourceId":28,"lineNumber":224,"columnNumber":12,"asyncCause":null,"asyncCaller":null,"caller":{"filename":"resource://services-settings/Attachments.sys.mjs","name":"_fetchAttachment","sourceId":27,"lineNumber":560,"columnNumber":35,"asyncCause":null,"asyncCaller":null,"caller":{"filename":"resource://services-settings/Attachments.sys.mjs","name":"downloadAsBytes","sourceId":27,"lineNumber":537,"columnNumber":35,"asyncCause":null,"asyncCaller":null,"caller":null,"formattedStack":"downloadAsBytes@resource://services-settings/Attachments.sys.mjs:537:35\n","nativeSavedFrame":{}},"formattedStack":"_fetchAttachment@resource://services-settings/Attachments.sys.mjs:560:35\ndownloadAsBytes@resource://services-settings/Attachments.sys.mjs:537:35\n","nativeSavedFrame":{}},"formattedStack":"fetch@resource://services-settings/Utils.sys.mjs:224:12\n_fetchAttachment@resource://services-settings/Attachments.sys.mjs:560:35\ndownloadAsBytes@resource://services-settings/Attachments.sys.mjs:537:35\n","nativeSavedFrame":{}},"formattedStack":"fetch/<@resource://services-settings/Utils.sys.mjs:273:15\nfetch@resource://services-settings/Utils.sys.mjs:224:12\n_fetchAttachment@resource://services-settings/Attachments.sys.mjs:560:35\ndownloadAsBytes@resource://services-settings/Attachments.sys.mjs:537:35\n","nativeSavedFrame":{}},"formattedStack":"open@resource://gre/modules/ServiceRequest.sys.mjs:126:11\nfetch/<@resource://services-settings/Utils.sys.mjs:273:15\nfetch@resource://services-settings/Utils.sys.mjs:224:12\n_fetchAttachment@resource://services-settings/Attachments.sys.mjs:560:35\ndownloadAsBytes@resource://services-settings/Attachments.sys.mjs:537:35\n","nativeSavedFrame":{}}
    - message = 
    - name = 
    - result = 2152071198
    - stack = open@resource://gre/modules/ServiceRequest.sys.mjs:126:11|fetch/<@resource://services-settings/Utils.sys.mjs:273:15|fetch@resource://services-settings/Utils.sys.mjs:224:12|_fetchAttachment@resource://services-settings/Attachments.sys.mjs:560:35|downloadAsBytes@resource://services-settings/Attachments.sys.mjs:537:35|
  - prototype Object
console.error: RemoteSecuritySettings: 
  failed to download CRLite filter
Object
  - prototype Object
    - columnNumber = 11
    - data = null
    - filename = resource://gre/modules/ServiceRequest.sys.mjs
    - lineNumber = 126
    - location = {"name":"open","filename":"resource://gre/modules/ServiceRequest.sys.mjs","sourceId":29,"lineNumber":126,"columnNumber":11,"asyncCause":null,"asyncCaller":null,"caller":{"filename":"resource://services-settings/Utils.sys.mjs","name":"fetch/<","sourceId":28,"lineNumber":273,"columnNumber":15,"asyncCause":null,"asyncCaller":null,"caller":{"filename":"resource://services-settings/Utils.sys.mjs","name":"fetch","sourceId":28,"lineNumber":224,"columnNumber":12,"asyncCause":null,"asyncCaller":null,"caller":{"filename":"resource://services-settings/Attachments.sys.mjs","name":"_fetchAttachment","sourceId":27,"lineNumber":560,"columnNumber":35,"asyncCause":null,"asyncCaller":null,"caller":{"filename":"resource://services-settings/Attachments.sys.mjs","name":"downloadAsBytes","sourceId":27,"lineNumber":537,"columnNumber":35,"asyncCause":null,"asyncCaller":null,"caller":null,"formattedStack":"downloadAsBytes@resource://services-settings/Attachments.sys.mjs:537:35\n","nativeSavedFrame":{}},"formattedStack":"_fetchAttachment@resource://services-settings/Attachments.sys.mjs:560:35\ndownloadAsBytes@resource://services-settings/Attachments.sys.mjs:537:35\n","nativeSavedFrame":{}},"formattedStack":"fetch@resource://services-settings/Utils.sys.mjs:224:12\n_fetchAttachment@resource://services-settings/Attachments.sys.mjs:560:35\ndownloadAsBytes@resource://services-settings/Attachments.sys.mjs:537:35\n","nativeSavedFrame":{}},"formattedStack":"fetch/<@resource://services-settings/Utils.sys.mjs:273:15\nfetch@resource://services-settings/Utils.sys.mjs:224:12\n_fetchAttachment@resource://services-settings/Attachments.sys.mjs:560:35\ndownloadAsBytes@resource://services-settings/Attachments.sys.mjs:537:35\n","nativeSavedFrame":{}},"formattedStack":"open@resource://gre/modules/ServiceRequest.sys.mjs:126:11\nfetch/<@resource://services-settings/Utils.sys.mjs:273:15\nfetch@resource://services-settings/Utils.sys.mjs:224:12\n_fetchAttachment@resource://services-settings/Attachments.sys.mjs:560:35\ndownloadAsBytes@resource://services-settings/Attachments.sys.mjs:537:35\n","nativeSavedFrame":{}}
    - message = 
    - name = 
    - result = 2152071198
    - stack = open@resource://gre/modules/ServiceRequest.sys.mjs:126:11|fetch/<@resource://services-settings/Utils.sys.mjs:273:15|fetch@resource://services-settings/Utils.sys.mjs:224:12|_fetchAttachment@resource://services-settings/Attachments.sys.mjs:560:35|downloadAsBytes@resource://services-settings/Attachments.sys.mjs:537:35|
  - prototype Object
console.error: RemoteSecuritySettings: 
  failed to download CRLite filter
Object
  - prototype Object
    - columnNumber = 11
    - data = null
    - filename = resource://gre/modules/ServiceRequest.sys.mjs
    - lineNumber = 126
    - location = {"name":"open","filename":"resource://gre/modules/ServiceRequest.sys.mjs","sourceId":29,"lineNumber":126,"columnNumber":11,"asyncCause":null,"asyncCaller":null,"caller":{"filename":"resource://services-settings/Utils.sys.mjs","name":"fetch/<","sourceId":28,"lineNumber":273,"columnNumber":15,"asyncCause":null,"asyncCaller":null,"caller":{"filename":"resource://services-settings/Utils.sys.mjs","name":"fetch","sourceId":28,"lineNumber":224,"columnNumber":12,"asyncCause":null,"asyncCaller":null,"caller":{"filename":"resource://services-settings/Attachments.sys.mjs","name":"_fetchAttachment","sourceId":27,"lineNumber":560,"columnNumber":35,"asyncCause":null,"asyncCaller":null,"caller":{"filename":"resource://services-settings/Attachments.sys.mjs","name":"downloadAsBytes","sourceId":27,"lineNumber":537,"columnNumber":35,"asyncCause":null,"asyncCaller":null,"caller":null,"formattedStack":"downloadAsBytes@resource://services-settings/Attachments.sys.mjs:537:35\n","nativeSavedFrame":{}},"formattedStack":"_fetchAttachment@resource://services-settings/Attachments.sys.mjs:560:35\ndownloadAsBytes@resource://services-settings/Attachments.sys.mjs:537:35\n","nativeSavedFrame":{}},"formattedStack":"fetch@resource://services-settings/Utils.sys.mjs:224:12\n_fetchAttachment@resource://services-settings/Attachments.sys.mjs:560:35\ndownloadAsBytes@resource://services-settings/Attachments.sys.mjs:537:35\n","nativeSavedFrame":{}},"formattedStack":"fetch/<@resource://services-settings/Utils.sys.mjs:273:15\nfetch@resource://services-settings/Utils.sys.mjs:224:12\n_fetchAttachment@resource://services-settings/Attachments.sys.mjs:560:35\ndownloadAsBytes@resource://services-settings/Attachments.sys.mjs:537:35\n","nativeSavedFrame":{}},"formattedStack":"open@resource://gre/modules/ServiceRequest.sys.mjs:126:11\nfetch/<@resource://services-settings/Utils.sys.mjs:273:15\nfetch@resource://services-settings/Utils.sys.mjs:224:12\n_fetchAttachment@resource://services-settings/Attachments.sys.mjs:560:35\ndownloadAsBytes@resource://services-settings/Attachments.sys.mjs:537:35\n","nativeSavedFrame":{}}
    - message = 
    - name = 
    - result = 2152071198
    - stack = open@resource://gre/modules/ServiceRequest.sys.mjs:126:11|fetch/<@resource://services-settings/Utils.sys.mjs:273:15|fetch@resource://services-settings/Utils.sys.mjs:224:12|_fetchAttachment@resource://services-settings/Attachments.sys.mjs:560:35|downloadAsBytes@resource://services-settings/Attachments.sys.mjs:537:35|
  - prototype Object
console.error: RemoteSecuritySettings: 
  failed to download CRLite filter
Object
  - prototype Object
    - columnNumber = 11
    - data = null
    - filename = resource://gre/modules/ServiceRequest.sys.mjs
    - lineNumber = 126
    - location = {"name":"open","filename":"resource://gre/modules/ServiceRequest.sys.mjs","sourceId":29,"lineNumber":126,"columnNumber":11,"asyncCause":null,"asyncCaller":null,"caller":{"filename":"resource://services-settings/Utils.sys.mjs","name":"fetch/<","sourceId":28,"lineNumber":273,"columnNumber":15,"asyncCause":null,"asyncCaller":null,"caller":{"filename":"resource://services-settings/Utils.sys.mjs","name":"fetch","sourceId":28,"lineNumber":224,"columnNumber":12,"asyncCause":null,"asyncCaller":null,"caller":{"filename":"resource://services-settings/Attachments.sys.mjs","name":"_fetchAttachment","sourceId":27,"lineNumber":560,"columnNumber":35,"asyncCause":null,"asyncCaller":null,"caller":{"filename":"resource://services-settings/Attachments.sys.mjs","name":"downloadAsBytes","sourceId":27,"lineNumber":537,"columnNumber":35,"asyncCause":null,"asyncCaller":null,"caller":null,"formattedStack":"downloadAsBytes@resource://services-settings/Attachments.sys.mjs:537:35\n","nativeSavedFrame":{}},"formattedStack":"_fetchAttachment@resource://services-settings/Attachments.sys.mjs:560:35\ndownloadAsBytes@resource://services-settings/Attachments.sys.mjs:537:35\n","nativeSavedFrame":{}},"formattedStack":"fetch@resource://services-settings/Utils.sys.mjs:224:12\n_fetchAttachment@resource://services-settings/Attachments.sys.mjs:560:35\ndownloadAsBytes@resource://services-settings/Attachments.sys.mjs:537:35\n","nativeSavedFrame":{}},"formattedStack":"fetch/<@resource://services-settings/Utils.sys.mjs:273:15\nfetch@resource://services-settings/Utils.sys.mjs:224:12\n_fetchAttachment@resource://services-settings/Attachments.sys.mjs:560:35\ndownloadAsBytes@resource://services-settings/Attachments.sys.mjs:537:35\n","nativeSavedFrame":{}},"formattedStack":"open@resource://gre/modules/ServiceRequest.sys.mjs:126:11\nfetch/<@resource://services-settings/Utils.sys.mjs:273:15\nfetch@resource://services-settings/Utils.sys.mjs:224:12\n_fetchAttachment@resource://services-settings/Attachments.sys.mjs:560:35\ndownloadAsBytes@resource://services-settings/Attachments.sys.mjs:537:35\n","nativeSavedFrame":{}}
    - message = 
    - name = 
    - result = 2152071198
    - stack = open@resource://gre/modules/ServiceRequest.sys.mjs:126:11|fetch/<@resource://services-settings/Utils.sys.mjs:273:15|fetch@resource://services-settings/Utils.sys.mjs:224:12|_fetchAttachment@resource://services-settings/Attachments.sys.mjs:560:35|downloadAsBytes@resource://services-settings/Attachments.sys.mjs:537:35|
  - prototype Object
console.error: RemoteSecuritySettings: 
  failed to download CRLite filter
Object
  - prototype Object
    - columnNumber = 11
    - data = null
    - filename = resource://gre/modules/ServiceRequest.sys.mjs
    - lineNumber = 126
    - location = {"name":"open","filename":"resource://gre/modules/ServiceRequest.sys.mjs","sourceId":29,"lineNumber":126,"columnNumber":11,"asyncCause":null,"asyncCaller":null,"caller":{"filename":"resource://services-settings/Utils.sys.mjs","name":"fetch/<","sourceId":28,"lineNumber":273,"columnNumber":15,"asyncCause":null,"asyncCaller":null,"caller":{"filename":"resource://services-settings/Utils.sys.mjs","name":"fetch","sourceId":28,"lineNumber":224,"columnNumber":12,"asyncCause":null,"asyncCaller":null,"caller":{"filename":"resource://services-settings/Attachments.sys.mjs","name":"_fetchAttachment","sourceId":27,"lineNumber":560,"columnNumber":35,"asyncCause":null,"asyncCaller":null,"caller":{"filename":"resource://services-settings/Attachments.sys.mjs","name":"downloadAsBytes","sourceId":27,"lineNumber":537,"columnNumber":35,"asyncCause":null,"asyncCaller":null,"caller":null,"formattedStack":"downloadAsBytes@resource://services-settings/Attachments.sys.mjs:537:35\n","nativeSavedFrame":{}},"formattedStack":"_fetchAttachment@resource://services-settings/Attachments.sys.mjs:560:35\ndownloadAsBytes@resource://services-settings/Attachments.sys.mjs:537:35\n","nativeSavedFrame":{}},"formattedStack":"fetch@resource://services-settings/Utils.sys.mjs:224:12\n_fetchAttachment@resource://services-settings/Attachments.sys.mjs:560:35\ndownloadAsBytes@resource://services-settings/Attachments.sys.mjs:537:35\n","nativeSavedFrame":{}},"formattedStack":"fetch/<@resource://services-settings/Utils.sys.mjs:273:15\nfetch@resource://services-settings/Utils.sys.mjs:224:12\n_fetchAttachment@resource://services-settings/Attachments.sys.mjs:560:35\ndownloadAsBytes@resource://services-settings/Attachments.sys.mjs:537:35\n","nativeSavedFrame":{}},"formattedStack":"open@resource://gre/modules/ServiceRequest.sys.mjs:126:11\nfetch/<@resource://services-settings/Utils.sys.mjs:273:15\nfetch@resource://services-settings/Utils.sys.mjs:224:12\n_fetchAttachment@resource://services-settings/Attachments.sys.mjs:560:35\ndownloadAsBytes@resource://services-settings/Attachments.sys.mjs:537:35\n","nativeSavedFrame":{}}
    - message = 
    - name = 
    - result = 2152071198
    - stack = open@resource://gre/modules/ServiceRequest.sys.mjs:126:11|fetch/<@resource://services-settings/Utils.sys.mjs:273:15|fetch@resource://services-settings/Utils.sys.mjs:224:12|_fetchAttachment@resource://services-settings/Attachments.sys.mjs:560:35|downloadAsBytes@resource://services-settings/Attachments.sys.mjs:537:35|
  - prototype Object
console.error: RemoteSecuritySettings: 
  failed to download CRLite filter
Object
  - prototype Object
    - columnNumber = 11
    - data = null
    - filename = resource://gre/modules/ServiceRequest.sys.mjs
    - lineNumber = 126
    - location = {"name":"open","filename":"resource://gre/modules/ServiceRequest.sys.mjs","sourceId":29,"lineNumber":126,"columnNumber":11,"asyncCause":null,"asyncCaller":null,"caller":{"filename":"resource://services-settings/Utils.sys.mjs","name":"fetch/<","sourceId":28,"lineNumber":273,"columnNumber":15,"asyncCause":null,"asyncCaller":null,"caller":{"filename":"resource://services-settings/Utils.sys.mjs","name":"fetch","sourceId":28,"lineNumber":224,"columnNumber":12,"asyncCause":null,"asyncCaller":null,"caller":{"filename":"resource://services-settings/Attachments.sys.mjs","name":"_fetchAttachment","sourceId":27,"lineNumber":560,"columnNumber":35,"asyncCause":null,"asyncCaller":null,"caller":{"filename":"resource://services-settings/Attachments.sys.mjs","name":"downloadAsBytes","sourceId":27,"lineNumber":537,"columnNumber":35,"asyncCause":null,"asyncCaller":null,"caller":null,"formattedStack":"downloadAsBytes@resource://services-settings/Attachments.sys.mjs:537:35\n","nativeSavedFrame":{}},"formattedStack":"_fetchAttachment@resource://services-settings/Attachments.sys.mjs:560:35\ndownloadAsBytes@resource://services-settings/Attachments.sys.mjs:537:35\n","nativeSavedFrame":{}},"formattedStack":"fetch@resource://services-settings/Utils.sys.mjs:224:12\n_fetchAttachment@resource://services-settings/Attachments.sys.mjs:560:35\ndownloadAsBytes@resource://services-settings/Attachments.sys.mjs:537:35\n","nativeSavedFrame":{}},"formattedStack":"fetch/<@resource://services-settings/Utils.sys.mjs:273:15\nfetch@resource://services-settings/Utils.sys.mjs:224:12\n_fetchAttachment@resource://services-settings/Attachments.sys.mjs:560:35\ndownloadAsBytes@resource://services-settings/Attachments.sys.mjs:537:35\n","nativeSavedFrame":{}},"formattedStack":"open@resource://gre/modules/ServiceRequest.sys.mjs:126:11\nfetch/<@resource://services-settings/Utils.sys.mjs:273:15\nfetch@resource://services-settings/Utils.sys.mjs:224:12\n_fetchAttachment@resource://services-settings/Attachments.sys.mjs:560:35\ndownloadAsBytes@resource://services-settings/Attachments.sys.mjs:537:35\n","nativeSavedFrame":{}}
    - message = 
    - name = 
    - result = 2152071198
    - stack = open@resource://gre/modules/ServiceRequest.sys.mjs:126:11|fetch/<@resource://services-settings/Utils.sys.mjs:273:15|fetch@resource://services-settings/Utils.sys.mjs:224:12|_fetchAttachment@resource://services-settings/Attachments.sys.mjs:560:35|downloadAsBytes@resource://services-settings/Attachments.sys.mjs:537:35|
  - prototype Object
console.error: RemoteSecuritySettings: 
  failed to download CRLite filter
Object
  - prototype Object
    - columnNumber = 11
    - data = null
    - filename = resource://gre/modules/ServiceRequest.sys.mjs
    - lineNumber = 126
    - location = {"name":"open","filename":"resource://gre/modules/ServiceRequest.sys.mjs","sourceId":29,"lineNumber":126,"columnNumber":11,"asyncCause":null,"asyncCaller":null,"caller":{"filename":"resource://services-settings/Utils.sys.mjs","name":"fetch/<","sourceId":28,"lineNumber":273,"columnNumber":15,"asyncCause":null,"asyncCaller":null,"caller":{"filename":"resource://services-settings/Utils.sys.mjs","name":"fetch","sourceId":28,"lineNumber":224,"columnNumber":12,"asyncCause":null,"asyncCaller":null,"caller":{"filename":"resource://services-settings/Attachments.sys.mjs","name":"_fetchAttachment","sourceId":27,"lineNumber":560,"columnNumber":35,"asyncCause":null,"asyncCaller":null,"caller":{"filename":"resource://services-settings/Attachments.sys.mjs","name":"downloadAsBytes","sourceId":27,"lineNumber":537,"columnNumber":35,"asyncCause":null,"asyncCaller":null,"caller":null,"formattedStack":"downloadAsBytes@resource://services-settings/Attachments.sys.mjs:537:35\n","nativeSavedFrame":{}},"formattedStack":"_fetchAttachment@resource://services-settings/Attachments.sys.mjs:560:35\ndownloadAsBytes@resource://services-settings/Attachments.sys.mjs:537:35\n","nativeSavedFrame":{}},"formattedStack":"fetch@resource://services-settings/Utils.sys.mjs:224:12\n_fetchAttachment@resource://services-settings/Attachments.sys.mjs:560:35\ndownloadAsBytes@resource://services-settings/Attachments.sys.mjs:537:35\n","nativeSavedFrame":{}},"formattedStack":"fetch/<@resource://services-settings/Utils.sys.mjs:273:15\nfetch@resource://services-settings/Utils.sys.mjs:224:12\n_fetchAttachment@resource://services-settings/Attachments.sys.mjs:560:35\ndownloadAsBytes@resource://services-settings/Attachments.sys.mjs:537:35\n","nativeSavedFrame":{}},"formattedStack":"open@resource://gre/modules/ServiceRequest.sys.mjs:126:11\nfetch/<@resource://services-settings/Utils.sys.mjs:273:15\nfetch@resource://services-settings/Utils.sys.mjs:224:12\n_fetchAttachment@resource://services-settings/Attachments.sys.mjs:560:35\ndownloadAsBytes@resource://services-settings/Attachments.sys.mjs:537:35\n","nativeSavedFrame":{}}
    - message = 
    - name = 
    - result = 2152071198
    - stack = open@resource://gre/modules/ServiceRequest.sys.mjs:126:11|fetch/<@resource://services-settings/Utils.sys.mjs:273:15|fetch@resource://services-settings/Utils.sys.mjs:224:12|_fetchAttachment@resource://services-settings/Attachments.sys.mjs:560:35|downloadAsBytes@resource://services-settings/Attachments.sys.mjs:537:35|
  - prototype Object
console.error: RemoteSecuritySettings: 
  failed to download CRLite filter
Object
  - prototype Object
    - columnNumber = 11
    - data = null
    - filename = resource://gre/modules/ServiceRequest.sys.mjs
    - lineNumber = 126
    - location = {"name":"open","filename":"resource://gre/modules/ServiceRequest.sys.mjs","sourceId":29,"lineNumber":126,"columnNumber":11,"asyncCause":null,"asyncCaller":null,"caller":{"filename":"resource://services-settings/Utils.sys.mjs","name":"fetch/<","sourceId":28,"lineNumber":273,"columnNumber":15,"asyncCause":null,"asyncCaller":null,"caller":{"filename":"resource://services-settings/Utils.sys.mjs","name":"fetch","sourceId":28,"lineNumber":224,"columnNumber":12,"asyncCause":null,"asyncCaller":null,"caller":{"filename":"resource://services-settings/Attachments.sys.mjs","name":"_fetchAttachment","sourceId":27,"lineNumber":560,"columnNumber":35,"asyncCause":null,"asyncCaller":null,"caller":{"filename":"resource://services-settings/Attachments.sys.mjs","name":"downloadAsBytes","sourceId":27,"lineNumber":537,"columnNumber":35,"asyncCause":null,"asyncCaller":null,"caller":null,"formattedStack":"downloadAsBytes@resource://services-settings/Attachments.sys.mjs:537:35\n","nativeSavedFrame":{}},"formattedStack":"_fetchAttachment@resource://services-settings/Attachments.sys.mjs:560:35\ndownloadAsBytes@resource://services-settings/Attachments.sys.mjs:537:35\n","nativeSavedFrame":{}},"formattedStack":"fetch@resource://services-settings/Utils.sys.mjs:224:12\n_fetchAttachment@resource://services-settings/Attachments.sys.mjs:560:35\ndownloadAsBytes@resource://services-settings/Attachments.sys.mjs:537:35\n","nativeSavedFrame":{}},"formattedStack":"fetch/<@resource://services-settings/Utils.sys.mjs:273:15\nfetch@resource://services-settings/Utils.sys.mjs:224:12\n_fetchAttachment@resource://services-settings/Attachments.sys.mjs:560:35\ndownloadAsBytes@resource://services-settings/Attachments.sys.mjs:537:35\n","nativeSavedFrame":{}},"formattedStack":"open@resource://gre/modules/ServiceRequest.sys.mjs:126:11\nfetch/<@resource://services-settings/Utils.sys.mjs:273:15\nfetch@resource://services-settings/Utils.sys.mjs:224:12\n_fetchAttachment@resource://services-settings/Attachments.sys.mjs:560:35\ndownloadAsBytes@resource://services-settings/Attachments.sys.mjs:537:35\n","nativeSavedFrame":{}}
    - message = 
    - name = 
    - result = 2152071198
    - stack = open@resource://gre/modules/ServiceRequest.sys.mjs:126:11|fetch/<@resource://services-settings/Utils.sys.mjs:273:15|fetch@resource://services-settings/Utils.sys.mjs:224:12|_fetchAttachment@resource://services-settings/Attachments.sys.mjs:560:35|downloadAsBytes@resource://services-settings/Attachments.sys.mjs:537:35|
  - prototype Object
console.error: RemoteSecuritySettings: 
  failed to download CRLite filter
Object
  - prototype Object
    - columnNumber = 11
    - data = null
    - filename = resource://gre/modules/ServiceRequest.sys.mjs
    - lineNumber = 126
    - location = {"name":"open","filename":"resource://gre/modules/ServiceRequest.sys.mjs","sourceId":29,"lineNumber":126,"columnNumber":11,"asyncCause":null,"asyncCaller":null,"caller":{"filename":"resource://services-settings/Utils.sys.mjs","name":"fetch/<","sourceId":28,"lineNumber":273,"columnNumber":15,"asyncCause":null,"asyncCaller":null,"caller":{"filename":"resource://services-settings/Utils.sys.mjs","name":"fetch","sourceId":28,"lineNumber":224,"columnNumber":12,"asyncCause":null,"asyncCaller":null,"caller":{"filename":"resource://services-settings/Attachments.sys.mjs","name":"_fetchAttachment","sourceId":27,"lineNumber":560,"columnNumber":35,"asyncCause":null,"asyncCaller":null,"caller":{"filename":"resource://services-settings/Attachments.sys.mjs","name":"downloadAsBytes","sourceId":27,"lineNumber":537,"columnNumber":35,"asyncCause":null,"asyncCaller":null,"caller":null,"formattedStack":"downloadAsBytes@resource://services-settings/Attachments.sys.mjs:537:35\n","nativeSavedFrame":{}},"formattedStack":"_fetchAttachment@resource://services-settings/Attachments.sys.mjs:560:35\ndownloadAsBytes@resource://services-settings/Attachments.sys.mjs:537:35\n","nativeSavedFrame":{}},"formattedStack":"fetch@resource://services-settings/Utils.sys.mjs:224:12\n_fetchAttachment@resource://services-settings/Attachments.sys.mjs:560:35\ndownloadAsBytes@resource://services-settings/Attachments.sys.mjs:537:35\n","nativeSavedFrame":{}},"formattedStack":"fetch/<@resource://services-settings/Utils.sys.mjs:273:15\nfetch@resource://services-settings/Utils.sys.mjs:224:12\n_fetchAttachment@resource://services-settings/Attachments.sys.mjs:560:35\ndownloadAsBytes@resource://services-settings/Attachments.sys.mjs:537:35\n","nativeSavedFrame":{}},"formattedStack":"open@resource://gre/modules/ServiceRequest.sys.mjs:126:11\nfetch/<@resource://services-settings/Utils.sys.mjs:273:15\nfetch@resource://services-settings/Utils.sys.mjs:224:12\n_fetchAttachment@resource://services-settings/Attachments.sys.mjs:560:35\ndownloadAsBytes@resource://services-settings/Attachments.sys.mjs:537:35\n","nativeSavedFrame":{}}
    - message = 
    - name = 
    - result = 2152071198
    - stack = open@resource://gre/modules/ServiceRequest.sys.mjs:126:11|fetch/<@resource://services-settings/Utils.sys.mjs:273:15|fetch@resource://services-settings/Utils.sys.mjs:224:12|_fetchAttachment@resource://services-settings/Attachments.sys.mjs:560:35|downloadAsBytes@resource://services-settings/Attachments.sys.mjs:537:35|
  - prototype Object
console.error: RemoteSecuritySettings: 
  failed to download CRLite filter
Object
  - prototype Object
    - columnNumber = 11
    - data = null
    - filename = resource://gre/modules/ServiceRequest.sys.mjs
    - lineNumber = 126
    - location = {"name":"open","filename":"resource://gre/modules/ServiceRequest.sys.mjs","sourceId":29,"lineNumber":126,"columnNumber":11,"asyncCause":null,"asyncCaller":null,"caller":{"filename":"resource://services-settings/Utils.sys.mjs","name":"fetch/<","sourceId":28,"lineNumber":273,"columnNumber":15,"asyncCause":null,"asyncCaller":null,"caller":{"filename":"resource://services-settings/Utils.sys.mjs","name":"fetch","sourceId":28,"lineNumber":224,"columnNumber":12,"asyncCause":null,"asyncCaller":null,"caller":{"filename":"resource://services-settings/Attachments.sys.mjs","name":"_fetchAttachment","sourceId":27,"lineNumber":560,"columnNumber":35,"asyncCause":null,"asyncCaller":null,"caller":{"filename":"resource://services-settings/Attachments.sys.mjs","name":"downloadAsBytes","sourceId":27,"lineNumber":537,"columnNumber":35,"asyncCause":null,"asyncCaller":null,"caller":null,"formattedStack":"downloadAsBytes@resource://services-settings/Attachments.sys.mjs:537:35\n","nativeSavedFrame":{}},"formattedStack":"_fetchAttachment@resource://services-settings/Attachments.sys.mjs:560:35\ndownloadAsBytes@resource://services-settings/Attachments.sys.mjs:537:35\n","nativeSavedFrame":{}},"formattedStack":"fetch@resource://services-settings/Utils.sys.mjs:224:12\n_fetchAttachment@resource://services-settings/Attachments.sys.mjs:560:35\ndownloadAsBytes@resource://services-settings/Attachments.sys.mjs:537:35\n","nativeSavedFrame":{}},"formattedStack":"fetch/<@resource://services-settings/Utils.sys.mjs:273:15\nfetch@resource://services-settings/Utils.sys.mjs:224:12\n_fetchAttachment@resource://services-settings/Attachments.sys.mjs:560:35\ndownloadAsBytes@resource://services-settings/Attachments.sys.mjs:537:35\n","nativeSavedFrame":{}},"formattedStack":"open@resource://gre/modules/ServiceRequest.sys.mjs:126:11\nfetch/<@resource://services-settings/Utils.sys.mjs:273:15\nfetch@resource://services-settings/Utils.sys.mjs:224:12\n_fetchAttachment@resource://services-settings/Attachments.sys.mjs:560:35\ndownloadAsBytes@resource://services-settings/Attachments.sys.mjs:537:35\n","nativeSavedFrame":{}}
    - message = 
    - name = 
    - result = 2152071198
    - stack = open@resource://gre/modules/ServiceRequest.sys.mjs:126:11|fetch/<@resource://services-settings/Utils.sys.mjs:273:15|fetch@resource://services-settings/Utils.sys.mjs:224:12|_fetchAttachment@resource://services-settings/Attachments.sys.mjs:560:35|downloadAsBytes@resource://services-settings/Attachments.sys.mjs:537:35|
  - prototype Object
console.error: RemoteSecuritySettings: 
  failed to download CRLite filter
Object
  - prototype Object
    - columnNumber = 11
    - data = null
    - filename = resource://gre/modules/ServiceRequest.sys.mjs
    - lineNumber = 126
    - location = {"name":"open","filename":"resource://gre/modules/ServiceRequest.sys.mjs","sourceId":29,"lineNumber":126,"columnNumber":11,"asyncCause":null,"asyncCaller":null,"caller":{"filename":"resource://services-settings/Utils.sys.mjs","name":"fetch/<","sourceId":28,"lineNumber":273,"columnNumber":15,"asyncCause":null,"asyncCaller":null,"caller":{"filename":"resource://services-settings/Utils.sys.mjs","name":"fetch","sourceId":28,"lineNumber":224,"columnNumber":12,"asyncCause":null,"asyncCaller":null,"caller":{"filename":"resource://services-settings/Attachments.sys.mjs","name":"_fetchAttachment","sourceId":27,"lineNumber":560,"columnNumber":35,"asyncCause":null,"asyncCaller":null,"caller":{"filename":"resource://services-settings/Attachments.sys.mjs","name":"downloadAsBytes","sourceId":27,"lineNumber":537,"columnNumber":35,"asyncCause":null,"asyncCaller":null,"caller":null,"formattedStack":"downloadAsBytes@resource://services-settings/Attachments.sys.mjs:537:35\n","nativeSavedFrame":{}},"formattedStack":"_fetchAttachment@resource://services-settings/Attachments.sys.mjs:560:35\ndownloadAsBytes@resource://services-settings/Attachments.sys.mjs:537:35\n","nativeSavedFrame":{}},"formattedStack":"fetch@resource://services-settings/Utils.sys.mjs:224:12\n_fetchAttachment@resource://services-settings/Attachments.sys.mjs:560:35\ndownloadAsBytes@resource://services-settings/Attachments.sys.mjs:537:35\n","nativeSavedFrame":{}},"formattedStack":"fetch/<@resource://services-settings/Utils.sys.mjs:273:15\nfetch@resource://services-settings/Utils.sys.mjs:224:12\n_fetchAttachment@resource://services-settings/Attachments.sys.mjs:560:35\ndownloadAsBytes@resource://services-settings/Attachments.sys.mjs:537:35\n","nativeSavedFrame":{}},"formattedStack":"open@resource://gre/modules/ServiceRequest.sys.mjs:126:11\nfetch/<@resource://services-settings/Utils.sys.mjs:273:15\nfetch@resource://services-settings/Utils.sys.mjs:224:12\n_fetchAttachment@resource://services-settings/Attachments.sys.mjs:560:35\ndownloadAsBytes@resource://services-settings/Attachments.sys.mjs:537:35\n","nativeSavedFrame":{}}
    - message = 
    - name = 
    - result = 2152071198
    - stack = open@resource://gre/modules/ServiceRequest.sys.mjs:126:11|fetch/<@resource://services-settings/Utils.sys.mjs:273:15|fetch@resource://services-settings/Utils.sys.mjs:224:12|_fetchAttachment@resource://services-settings/Attachments.sys.mjs:560:35|downloadAsBytes@resource://services-settings/Attachments.sys.mjs:537:35|
  - prototype Object
console.error: RemoteSecuritySettings: 
  failed to download CRLite filter
Object
  - prototype Object
    - columnNumber = 11
    - data = null
    - filename = resource://gre/modules/ServiceRequest.sys.mjs
    - lineNumber = 126
    - location = {"name":"open","filename":"resource://gre/modules/ServiceRequest.sys.mjs","sourceId":29,"lineNumber":126,"columnNumber":11,"asyncCause":null,"asyncCaller":null,"caller":{"filename":"resource://services-settings/Utils.sys.mjs","name":"fetch/<","sourceId":28,"lineNumber":273,"columnNumber":15,"asyncCause":null,"asyncCaller":null,"caller":{"filename":"resource://services-settings/Utils.sys.mjs","name":"fetch","sourceId":28,"lineNumber":224,"columnNumber":12,"asyncCause":null,"asyncCaller":null,"caller":{"filename":"resource://services-settings/Attachments.sys.mjs","name":"_fetchAttachment","sourceId":27,"lineNumber":560,"columnNumber":35,"asyncCause":null,"asyncCaller":null,"caller":{"filename":"resource://services-settings/Attachments.sys.mjs","name":"downloadAsBytes","sourceId":27,"lineNumber":537,"columnNumber":35,"asyncCause":null,"asyncCaller":null,"caller":null,"formattedStack":"downloadAsBytes@resource://services-settings/Attachments.sys.mjs:537:35\n","nativeSavedFrame":{}},"formattedStack":"_fetchAttachment@resource://services-settings/Attachments.sys.mjs:560:35\ndownloadAsBytes@resource://services-settings/Attachments.sys.mjs:537:35\n","nativeSavedFrame":{}},"formattedStack":"fetch@resource://services-settings/Utils.sys.mjs:224:12\n_fetchAttachment@resource://services-settings/Attachments.sys.mjs:560:35\ndownloadAsBytes@resource://services-settings/Attachments.sys.mjs:537:35\n","nativeSavedFrame":{}},"formattedStack":"fetch/<@resource://services-settings/Utils.sys.mjs:273:15\nfetch@resource://services-settings/Utils.sys.mjs:224:12\n_fetchAttachment@resource://services-settings/Attachments.sys.mjs:560:35\ndownloadAsBytes@resource://services-settings/Attachments.sys.mjs:537:35\n","nativeSavedFrame":{}},"formattedStack":"open@resource://gre/modules/ServiceRequest.sys.mjs:126:11\nfetch/<@resource://services-settings/Utils.sys.mjs:273:15\nfetch@resource://services-settings/Utils.sys.mjs:224:12\n_fetchAttachment@resource://services-settings/Attachments.sys.mjs:560:35\ndownloadAsBytes@resource://services-settings/Attachments.sys.mjs:537:35\n","nativeSavedFrame":{}}
    - message = 
    - name = 
    - result = 2152071198
    - stack = open@resource://gre/modules/ServiceRequest.sys.mjs:126:11|fetch/<@resource://services-settings/Utils.sys.mjs:273:15|fetch@resource://services-settings/Utils.sys.mjs:224:12|_fetchAttachment@resource://services-settings/Attachments.sys.mjs:560:35|downloadAsBytes@resource://services-settings/Attachments.sys.mjs:537:35|
  - prototype Object
console.error: RemoteSecuritySettings: 
  failed to download CRLite filter
Object
  - prototype Object
    - columnNumber = 11
    - data = null
    - filename = resource://gre/modules/ServiceRequest.sys.mjs
    - lineNumber = 126
    - location = {"name":"open","filename":"resource://gre/modules/ServiceRequest.sys.mjs","sourceId":29,"lineNumber":126,"columnNumber":11,"asyncCause":null,"asyncCaller":null,"caller":{"filename":"resource://services-settings/Utils.sys.mjs","name":"fetch/<","sourceId":28,"lineNumber":273,"columnNumber":15,"asyncCause":null,"asyncCaller":null,"caller":{"filename":"resource://services-settings/Utils.sys.mjs","name":"fetch","sourceId":28,"lineNumber":224,"columnNumber":12,"asyncCause":null,"asyncCaller":null,"caller":{"filename":"resource://services-settings/Attachments.sys.mjs","name":"_fetchAttachment","sourceId":27,"lineNumber":560,"columnNumber":35,"asyncCause":null,"asyncCaller":null,"caller":{"filename":"resource://services-settings/Attachments.sys.mjs","name":"downloadAsBytes","sourceId":27,"lineNumber":537,"columnNumber":35,"asyncCause":null,"asyncCaller":null,"caller":null,"formattedStack":"downloadAsBytes@resource://services-settings/Attachments.sys.mjs:537:35\n","nativeSavedFrame":{}},"formattedStack":"_fetchAttachment@resource://services-settings/Attachments.sys.mjs:560:35\ndownloadAsBytes@resource://services-settings/Attachments.sys.mjs:537:35\n","nativeSavedFrame":{}},"formattedStack":"fetch@resource://services-settings/Utils.sys.mjs:224:12\n_fetchAttachment@resource://services-settings/Attachments.sys.mjs:560:35\ndownloadAsBytes@resource://services-settings/Attachments.sys.mjs:537:35\n","nativeSavedFrame":{}},"formattedStack":"fetch/<@resource://services-settings/Utils.sys.mjs:273:15\nfetch@resource://services-settings/Utils.sys.mjs:224:12\n_fetchAttachment@resource://services-settings/Attachments.sys.mjs:560:35\ndownloadAsBytes@resource://services-settings/Attachments.sys.mjs:537:35\n","nativeSavedFrame":{}},"formattedStack":"open@resource://gre/modules/ServiceRequest.sys.mjs:126:11\nfetch/<@resource://services-settings/Utils.sys.mjs:273:15\nfetch@resource://services-settings/Utils.sys.mjs:224:12\n_fetchAttachment@resource://services-settings/Attachments.sys.mjs:560:35\ndownloadAsBytes@resource://services-settings/Attachments.sys.mjs:537:35\n","nativeSavedFrame":{}}
    - message = 
    - name = 
    - result = 2152071198
    - stack = open@resource://gre/modules/ServiceRequest.sys.mjs:126:11|fetch/<@resource://services-settings/Utils.sys.mjs:273:15|fetch@resource://services-settings/Utils.sys.mjs:224:12|_fetchAttachment@resource://services-settings/Attachments.sys.mjs:560:35|downloadAsBytes@resource://services-settings/Attachments.sys.mjs:537:35|
  - prototype Object
console.error: RemoteSecuritySettings: 
  failed to download CRLite filter
Object
  - prototype Object
    - columnNumber = 11
    - data = null
    - filename = resource://gre/modules/ServiceRequest.sys.mjs
    - lineNumber = 126
    - location = {"name":"open","filename":"resource://gre/modules/ServiceRequest.sys.mjs","sourceId":29,"lineNumber":126,"columnNumber":11,"asyncCause":null,"asyncCaller":null,"caller":{"filename":"resource://services-settings/Utils.sys.mjs","name":"fetch/<","sourceId":28,"lineNumber":273,"columnNumber":15,"asyncCause":null,"asyncCaller":null,"caller":{"filename":"resource://services-settings/Utils.sys.mjs","name":"fetch","sourceId":28,"lineNumber":224,"columnNumber":12,"asyncCause":null,"asyncCaller":null,"caller":{"filename":"resource://services-settings/Attachments.sys.mjs","name":"_fetchAttachment","sourceId":27,"lineNumber":560,"columnNumber":35,"asyncCause":null,"asyncCaller":null,"caller":{"filename":"resource://services-settings/Attachments.sys.mjs","name":"downloadAsBytes","sourceId":27,"lineNumber":537,"columnNumber":35,"asyncCause":null,"asyncCaller":null,"caller":null,"formattedStack":"downloadAsBytes@resource://services-settings/Attachments.sys.mjs:537:35\n","nativeSavedFrame":{}},"formattedStack":"_fetchAttachment@resource://services-settings/Attachments.sys.mjs:560:35\ndownloadAsBytes@resource://services-settings/Attachments.sys.mjs:537:35\n","nativeSavedFrame":{}},"formattedStack":"fetch@resource://services-settings/Utils.sys.mjs:224:12\n_fetchAttachment@resource://services-settings/Attachments.sys.mjs:560:35\ndownloadAsBytes@resource://services-settings/Attachments.sys.mjs:537:35\n","nativeSavedFrame":{}},"formattedStack":"fetch/<@resource://services-settings/Utils.sys.mjs:273:15\nfetch@resource://services-settings/Utils.sys.mjs:224:12\n_fetchAttachment@resource://services-settings/Attachments.sys.mjs:560:35\ndownloadAsBytes@resource://services-settings/Attachments.sys.mjs:537:35\n","nativeSavedFrame":{}},"formattedStack":"open@resource://gre/modules/ServiceRequest.sys.mjs:126:11\nfetch/<@resource://services-settings/Utils.sys.mjs:273:15\nfetch@resource://services-settings/Utils.sys.mjs:224:12\n_fetchAttachment@resource://services-settings/Attachments.sys.mjs:560:35\ndownloadAsBytes@resource://services-settings/Attachments.sys.mjs:537:35\n","nativeSavedFrame":{}}
    - message = 
    - name = 
    - result = 2152071198
    - stack = open@resource://gre/modules/ServiceRequest.sys.mjs:126:11|fetch/<@resource://services-settings/Utils.sys.mjs:273:15|fetch@resource://services-settings/Utils.sys.mjs:224:12|_fetchAttachment@resource://services-settings/Attachments.sys.mjs:560:35|downloadAsBytes@resource://services-settings/Attachments.sys.mjs:537:35|
  - prototype Object
console.error: RemoteSecuritySettings: 
  failed to download CRLite filter
Object
  - prototype Object
    - columnNumber = 11
    - data = null
    - filename = resource://gre/modules/ServiceRequest.sys.mjs
    - lineNumber = 126
    - location = {"name":"open","filename":"resource://gre/modules/ServiceRequest.sys.mjs","sourceId":29,"lineNumber":126,"columnNumber":11,"asyncCause":null,"asyncCaller":null,"caller":{"filename":"resource://services-settings/Utils.sys.mjs","name":"fetch/<","sourceId":28,"lineNumber":273,"columnNumber":15,"asyncCause":null,"asyncCaller":null,"caller":{"filename":"resource://services-settings/Utils.sys.mjs","name":"fetch","sourceId":28,"lineNumber":224,"columnNumber":12,"asyncCause":null,"asyncCaller":null,"caller":{"filename":"resource://services-settings/Attachments.sys.mjs","name":"_fetchAttachment","sourceId":27,"lineNumber":560,"columnNumber":35,"asyncCause":null,"asyncCaller":null,"caller":{"filename":"resource://services-settings/Attachments.sys.mjs","name":"downloadAsBytes","sourceId":27,"lineNumber":537,"columnNumber":35,"asyncCause":null,"asyncCaller":null,"caller":null,"formattedStack":"downloadAsBytes@resource://services-settings/Attachments.sys.mjs:537:35\n","nativeSavedFrame":{}},"formattedStack":"_fetchAttachment@resource://services-settings/Attachments.sys.mjs:560:35\ndownloadAsBytes@resource://services-settings/Attachments.sys.mjs:537:35\n","nativeSavedFrame":{}},"formattedStack":"fetch@resource://services-settings/Utils.sys.mjs:224:12\n_fetchAttachment@resource://services-settings/Attachments.sys.mjs:560:35\ndownloadAsBytes@resource://services-settings/Attachments.sys.mjs:537:35\n","nativeSavedFrame":{}},"formattedStack":"fetch/<@resource://services-settings/Utils.sys.mjs:273:15\nfetch@resource://services-settings/Utils.sys.mjs:224:12\n_fetchAttachment@resource://services-settings/Attachments.sys.mjs:560:35\ndownloadAsBytes@resource://services-settings/Attachments.sys.mjs:537:35\n","nativeSavedFrame":{}},"formattedStack":"open@resource://gre/modules/ServiceRequest.sys.mjs:126:11\nfetch/<@resource://services-settings/Utils.sys.mjs:273:15\nfetch@resource://services-settings/Utils.sys.mjs:224:12\n_fetchAttachment@resource://services-settings/Attachments.sys.mjs:560:35\ndownloadAsBytes@resource://services-settings/Attachments.sys.mjs:537:35\n","nativeSavedFrame":{}}
    - message = 
    - name = 
    - result = 2152071198
    - stack = open@resource://gre/modules/ServiceRequest.sys.mjs:126:11|fetch/<@resource://services-settings/Utils.sys.mjs:273:15|fetch@resource://services-settings/Utils.sys.mjs:224:12|_fetchAttachment@resource://services-settings/Attachments.sys.mjs:560:35|downloadAsBytes@resource://services-settings/Attachments.sys.mjs:537:35|
  - prototype Object
console.error: RemoteSecuritySettings: 
  failed to download CRLite filter
Object
  - prototype Object
    - columnNumber = 11
    - data = null
    - filename = resource://gre/modules/ServiceRequest.sys.mjs
    - lineNumber = 126
    - location = {"name":"open","filename":"resource://gre/modules/ServiceRequest.sys.mjs","sourceId":29,"lineNumber":126,"columnNumber":11,"asyncCause":null,"asyncCaller":null,"caller":{"filename":"resource://services-settings/Utils.sys.mjs","name":"fetch/<","sourceId":28,"lineNumber":273,"columnNumber":15,"asyncCause":null,"asyncCaller":null,"caller":{"filename":"resource://services-settings/Utils.sys.mjs","name":"fetch","sourceId":28,"lineNumber":224,"columnNumber":12,"asyncCause":null,"asyncCaller":null,"caller":{"filename":"resource://services-settings/Attachments.sys.mjs","name":"_fetchAttachment","sourceId":27,"lineNumber":560,"columnNumber":35,"asyncCause":null,"asyncCaller":null,"caller":{"filename":"resource://services-settings/Attachments.sys.mjs","name":"downloadAsBytes","sourceId":27,"lineNumber":537,"columnNumber":35,"asyncCause":null,"asyncCaller":null,"caller":null,"formattedStack":"downloadAsBytes@resource://services-settings/Attachments.sys.mjs:537:35\n","nativeSavedFrame":{}},"formattedStack":"_fetchAttachment@resource://services-settings/Attachments.sys.mjs:560:35\ndownloadAsBytes@resource://services-settings/Attachments.sys.mjs:537:35\n","nativeSavedFrame":{}},"formattedStack":"fetch@resource://services-settings/Utils.sys.mjs:224:12\n_fetchAttachment@resource://services-settings/Attachments.sys.mjs:560:35\ndownloadAsBytes@resource://services-settings/Attachments.sys.mjs:537:35\n","nativeSavedFrame":{}},"formattedStack":"fetch/<@resource://services-settings/Utils.sys.mjs:273:15\nfetch@resource://services-settings/Utils.sys.mjs:224:12\n_fetchAttachment@resource://services-settings/Attachments.sys.mjs:560:35\ndownloadAsBytes@resource://services-settings/Attachments.sys.mjs:537:35\n","nativeSavedFrame":{}},"formattedStack":"open@resource://gre/modules/ServiceRequest.sys.mjs:126:11\nfetch/<@resource://services-settings/Utils.sys.mjs:273:15\nfetch@resource://services-settings/Utils.sys.mjs:224:12\n_fetchAttachment@resource://services-settings/Attachments.sys.mjs:560:35\ndownloadAsBytes@resource://services-settings/Attachments.sys.mjs:537:35\n","nativeSavedFrame":{}}
    - message = 
    - name = 
    - result = 2152071198
    - stack = open@resource://gre/modules/ServiceRequest.sys.mjs:126:11|fetch/<@resource://services-settings/Utils.sys.mjs:273:15|fetch@resource://services-settings/Utils.sys.mjs:224:12|_fetchAttachment@resource://services-settings/Attachments.sys.mjs:560:35|downloadAsBytes@resource://services-settings/Attachments.sys.mjs:537:35|
  - prototype Object
console.error: RemoteSecuritySettings: 
  failed to download CRLite filter
Object
  - prototype Object
    - columnNumber = 11
    - data = null
    - filename = resource://gre/modules/ServiceRequest.sys.mjs
    - lineNumber = 126
    - location = {"name":"open","filename":"resource://gre/modules/ServiceRequest.sys.mjs","sourceId":29,"lineNumber":126,"columnNumber":11,"asyncCause":null,"asyncCaller":null,"caller":{"filename":"resource://services-settings/Utils.sys.mjs","name":"fetch/<","sourceId":28,"lineNumber":273,"columnNumber":15,"asyncCause":null,"asyncCaller":null,"caller":{"filename":"resource://services-settings/Utils.sys.mjs","name":"fetch","sourceId":28,"lineNumber":224,"columnNumber":12,"asyncCause":null,"asyncCaller":null,"caller":{"filename":"resource://services-settings/Attachments.sys.mjs","name":"_fetchAttachment","sourceId":27,"lineNumber":560,"columnNumber":35,"asyncCause":null,"asyncCaller":null,"caller":{"filename":"resource://services-settings/Attachments.sys.mjs","name":"downloadAsBytes","sourceId":27,"lineNumber":537,"columnNumber":35,"asyncCause":null,"asyncCaller":null,"caller":null,"formattedStack":"downloadAsBytes@resource://services-settings/Attachments.sys.mjs:537:35\n","nativeSavedFrame":{}},"formattedStack":"_fetchAttachment@resource://services-settings/Attachments.sys.mjs:560:35\ndownloadAsBytes@resource://services-settings/Attachments.sys.mjs:537:35\n","nativeSavedFrame":{}},"formattedStack":"fetch@resource://services-settings/Utils.sys.mjs:224:12\n_fetchAttachment@resource://services-settings/Attachments.sys.mjs:560:35\ndownloadAsBytes@resource://services-settings/Attachments.sys.mjs:537:35\n","nativeSavedFrame":{}},"formattedStack":"fetch/<@resource://services-settings/Utils.sys.mjs:273:15\nfetch@resource://services-settings/Utils.sys.mjs:224:12\n_fetchAttachment@resource://services-settings/Attachments.sys.mjs:560:35\ndownloadAsBytes@resource://services-settings/Attachments.sys.mjs:537:35\n","nativeSavedFrame":{}},"formattedStack":"open@resource://gre/modules/ServiceRequest.sys.mjs:126:11\nfetch/<@resource://services-settings/Utils.sys.mjs:273:15\nfetch@resource://services-settings/Utils.sys.mjs:224:12\n_fetchAttachment@resource://services-settings/Attachments.sys.mjs:560:35\ndownloadAsBytes@resource://services-settings/Attachments.sys.mjs:537:35\n","nativeSavedFrame":{}}
    - message = 
    - name = 
    - result = 2152071198
    - stack = open@resource://gre/modules/ServiceRequest.sys.mjs:126:11|fetch/<@resource://services-settings/Utils.sys.mjs:273:15|fetch@resource://services-settings/Utils.sys.mjs:224:12|_fetchAttachment@resource://services-settings/Attachments.sys.mjs:560:35|downloadAsBytes@resource://services-settings/Attachments.sys.mjs:537:35|
  - prototype Object
console.error: RemoteSecuritySettings: 
  failed to download CRLite filter
Object
  - prototype Object
    - columnNumber = 11
    - data = null
    - filename = resource://gre/modules/ServiceRequest.sys.mjs
    - lineNumber = 126
    - location = {"name":"open","filename":"resource://gre/modules/ServiceRequest.sys.mjs","sourceId":29,"lineNumber":126,"columnNumber":11,"asyncCause":null,"asyncCaller":null,"caller":{"filename":"resource://services-settings/Utils.sys.mjs","name":"fetch/<","sourceId":28,"lineNumber":273,"columnNumber":15,"asyncCause":null,"asyncCaller":null,"caller":{"filename":"resource://services-settings/Utils.sys.mjs","name":"fetch","sourceId":28,"lineNumber":224,"columnNumber":12,"asyncCause":null,"asyncCaller":null,"caller":{"filename":"resource://services-settings/Attachments.sys.mjs","name":"_fetchAttachment","sourceId":27,"lineNumber":560,"columnNumber":35,"asyncCause":null,"asyncCaller":null,"caller":{"filename":"resource://services-settings/Attachments.sys.mjs","name":"downloadAsBytes","sourceId":27,"lineNumber":537,"columnNumber":35,"asyncCause":null,"asyncCaller":null,"caller":null,"formattedStack":"downloadAsBytes@resource://services-settings/Attachments.sys.mjs:537:35\n","nativeSavedFrame":{}},"formattedStack":"_fetchAttachment@resource://services-settings/Attachments.sys.mjs:560:35\ndownloadAsBytes@resource://services-settings/Attachments.sys.mjs:537:35\n","nativeSavedFrame":{}},"formattedStack":"fetch@resource://services-settings/Utils.sys.mjs:224:12\n_fetchAttachment@resource://services-settings/Attachments.sys.mjs:560:35\ndownloadAsBytes@resource://services-settings/Attachments.sys.mjs:537:35\n","nativeSavedFrame":{}},"formattedStack":"fetch/<@resource://services-settings/Utils.sys.mjs:273:15\nfetch@resource://services-settings/Utils.sys.mjs:224:12\n_fetchAttachment@resource://services-settings/Attachments.sys.mjs:560:35\ndownloadAsBytes@resource://services-settings/Attachments.sys.mjs:537:35\n","nativeSavedFrame":{}},"formattedStack":"open@resource://gre/modules/ServiceRequest.sys.mjs:126:11\nfetch/<@resource://services-settings/Utils.sys.mjs:273:15\nfetch@resource://services-settings/Utils.sys.mjs:224:12\n_fetchAttachment@resource://services-settings/Attachments.sys.mjs:560:35\ndownloadAsBytes@resource://services-settings/Attachments.sys.mjs:537:35\n","nativeSavedFrame":{}}
    - message = 
    - name = 
    - result = 2152071198
    - stack = open@resource://gre/modules/ServiceRequest.sys.mjs:126:11|fetch/<@resource://services-settings/Utils.sys.mjs:273:15|fetch@resource://services-settings/Utils.sys.mjs:224:12|_fetchAttachment@resource://services-settings/Attachments.sys.mjs:560:35|downloadAsBytes@resource://services-settings/Attachments.sys.mjs:537:35|
  - prototype Object
console.error: RemoteSecuritySettings: 
  failed to download CRLite filter
Object
  - prototype Object
    - columnNumber = 11
    - data = null
    - filename = resource://gre/modules/ServiceRequest.sys.mjs
    - lineNumber = 126
    - location = {"name":"open","filename":"resource://gre/modules/ServiceRequest.sys.mjs","sourceId":29,"lineNumber":126,"columnNumber":11,"asyncCause":null,"asyncCaller":null,"caller":{"filename":"resource://services-settings/Utils.sys.mjs","name":"fetch/<","sourceId":28,"lineNumber":273,"columnNumber":15,"asyncCause":null,"asyncCaller":null,"caller":{"filename":"resource://services-settings/Utils.sys.mjs","name":"fetch","sourceId":28,"lineNumber":224,"columnNumber":12,"asyncCause":null,"asyncCaller":null,"caller":{"filename":"resource://services-settings/Attachments.sys.mjs","name":"_fetchAttachment","sourceId":27,"lineNumber":560,"columnNumber":35,"asyncCause":null,"asyncCaller":null,"caller":{"filename":"resource://services-settings/Attachments.sys.mjs","name":"downloadAsBytes","sourceId":27,"lineNumber":537,"columnNumber":35,"asyncCause":null,"asyncCaller":null,"caller":null,"formattedStack":"downloadAsBytes@resource://services-settings/Attachments.sys.mjs:537:35\n","nativeSavedFrame":{}},"formattedStack":"_fetchAttachment@resource://services-settings/Attachments.sys.mjs:560:35\ndownloadAsBytes@resource://services-settings/Attachments.sys.mjs:537:35\n","nativeSavedFrame":{}},"formattedStack":"fetch@resource://services-settings/Utils.sys.mjs:224:12\n_fetchAttachment@resource://services-settings/Attachments.sys.mjs:560:35\ndownloadAsBytes@resource://services-settings/Attachments.sys.mjs:537:35\n","nativeSavedFrame":{}},"formattedStack":"fetch/<@resource://services-settings/Utils.sys.mjs:273:15\nfetch@resource://services-settings/Utils.sys.mjs:224:12\n_fetchAttachment@resource://services-settings/Attachments.sys.mjs:560:35\ndownloadAsBytes@resource://services-settings/Attachments.sys.mjs:537:35\n","nativeSavedFrame":{}},"formattedStack":"open@resource://gre/modules/ServiceRequest.sys.mjs:126:11\nfetch/<@resource://services-settings/Utils.sys.mjs:273:15\nfetch@resource://services-settings/Utils.sys.mjs:224:12\n_fetchAttachment@resource://services-settings/Attachments.sys.mjs:560:35\ndownloadAsBytes@resource://services-settings/Attachments.sys.mjs:537:35\n","nativeSavedFrame":{}}
    - message = 
    - name = 
    - result = 2152071198
    - stack = open@resource://gre/modules/ServiceRequest.sys.mjs:126:11|fetch/<@resource://services-settings/Utils.sys.mjs:273:15|fetch@resource://services-settings/Utils.sys.mjs:224:12|_fetchAttachment@resource://services-settings/Attachments.sys.mjs:560:35|downloadAsBytes@resource://services-settings/Attachments.sys.mjs:537:35|
  - prototype Object
console.error: RemoteSecuritySettings: 
  failed to download CRLite filter
Object
  - prototype Object
    - columnNumber = 11
    - data = null
    - filename = resource://gre/modules/ServiceRequest.sys.mjs
    - lineNumber = 126
    - location = {"name":"open","filename":"resource://gre/modules/ServiceRequest.sys.mjs","sourceId":29,"lineNumber":126,"columnNumber":11,"asyncCause":null,"asyncCaller":null,"caller":{"filename":"resource://services-settings/Utils.sys.mjs","name":"fetch/<","sourceId":28,"lineNumber":273,"columnNumber":15,"asyncCause":null,"asyncCaller":null,"caller":{"filename":"resource://services-settings/Utils.sys.mjs","name":"fetch","sourceId":28,"lineNumber":224,"columnNumber":12,"asyncCause":null,"asyncCaller":null,"caller":{"filename":"resource://services-settings/Attachments.sys.mjs","name":"_fetchAttachment","sourceId":27,"lineNumber":560,"columnNumber":35,"asyncCause":null,"asyncCaller":null,"caller":{"filename":"resource://services-settings/Attachments.sys.mjs","name":"downloadAsBytes","sourceId":27,"lineNumber":537,"columnNumber":35,"asyncCause":null,"asyncCaller":null,"caller":null,"formattedStack":"downloadAsBytes@resource://services-settings/Attachments.sys.mjs:537:35\n","nativeSavedFrame":{}},"formattedStack":"_fetchAttachment@resource://services-settings/Attachments.sys.mjs:560:35\ndownloadAsBytes@resource://services-settings/Attachments.sys.mjs:537:35\n","nativeSavedFrame":{}},"formattedStack":"fetch@resource://services-settings/Utils.sys.mjs:224:12\n_fetchAttachment@resource://services-settings/Attachments.sys.mjs:560:35\ndownloadAsBytes@resource://services-settings/Attachments.sys.mjs:537:35\n","nativeSavedFrame":{}},"formattedStack":"fetch/<@resource://services-settings/Utils.sys.mjs:273:15\nfetch@resource://services-settings/Utils.sys.mjs:224:12\n_fetchAttachment@resource://services-settings/Attachments.sys.mjs:560:35\ndownloadAsBytes@resource://services-settings/Attachments.sys.mjs:537:35\n","nativeSavedFrame":{}},"formattedStack":"open@resource://gre/modules/ServiceRequest.sys.mjs:126:11\nfetch/<@resource://services-settings/Utils.sys.mjs:273:15\nfetch@resource://services-settings/Utils.sys.mjs:224:12\n_fetchAttachment@resource://services-settings/Attachments.sys.mjs:560:35\ndownloadAsBytes@resource://services-settings/Attachments.sys.mjs:537:35\n","nativeSavedFrame":{}}
    - message = 
    - name = 
    - result = 2152071198
    - stack = open@resource://gre/modules/ServiceRequest.sys.mjs:126:11|fetch/<@resource://services-settings/Utils.sys.mjs:273:15|fetch@resource://services-settings/Utils.sys.mjs:224:12|_fetchAttachment@resource://services-settings/Attachments.sys.mjs:560:35|downloadAsBytes@resource://services-settings/Attachments.sys.mjs:537:35|
  - prototype Object
console.error: RemoteSecuritySettings: 
  failed to download CRLite filter
Object
  - prototype Object
    - columnNumber = 11
    - data = null
    - filename = resource://gre/modules/ServiceRequest.sys.mjs
    - lineNumber = 126
    - location = {"name":"open","filename":"resource://gre/modules/ServiceRequest.sys.mjs","sourceId":29,"lineNumber":126,"columnNumber":11,"asyncCause":null,"asyncCaller":null,"caller":{"filename":"resource://services-settings/Utils.sys.mjs","name":"fetch/<","sourceId":28,"lineNumber":273,"columnNumber":15,"asyncCause":null,"asyncCaller":null,"caller":{"filename":"resource://services-settings/Utils.sys.mjs","name":"fetch","sourceId":28,"lineNumber":224,"columnNumber":12,"asyncCause":null,"asyncCaller":null,"caller":{"filename":"resource://services-settings/Attachments.sys.mjs","name":"_fetchAttachment","sourceId":27,"lineNumber":560,"columnNumber":35,"asyncCause":null,"asyncCaller":null,"caller":{"filename":"resource://services-settings/Attachments.sys.mjs","name":"downloadAsBytes","sourceId":27,"lineNumber":537,"columnNumber":35,"asyncCause":null,"asyncCaller":null,"caller":null,"formattedStack":"downloadAsBytes@resource://services-settings/Attachments.sys.mjs:537:35\n","nativeSavedFrame":{}},"formattedStack":"_fetchAttachment@resource://services-settings/Attachments.sys.mjs:560:35\ndownloadAsBytes@resource://services-settings/Attachments.sys.mjs:537:35\n","nativeSavedFrame":{}},"formattedStack":"fetch@resource://services-settings/Utils.sys.mjs:224:12\n_fetchAttachment@resource://services-settings/Attachments.sys.mjs:560:35\ndownloadAsBytes@resource://services-settings/Attachments.sys.mjs:537:35\n","nativeSavedFrame":{}},"formattedStack":"fetch/<@resource://services-settings/Utils.sys.mjs:273:15\nfetch@resource://services-settings/Utils.sys.mjs:224:12\n_fetchAttachment@resource://services-settings/Attachments.sys.mjs:560:35\ndownloadAsBytes@resource://services-settings/Attachments.sys.mjs:537:35\n","nativeSavedFrame":{}},"formattedStack":"open@resource://gre/modules/ServiceRequest.sys.mjs:126:11\nfetch/<@resource://services-settings/Utils.sys.mjs:273:15\nfetch@resource://services-settings/Utils.sys.mjs:224:12\n_fetchAttachment@resource://services-settings/Attachments.sys.mjs:560:35\ndownloadAsBytes@resource://services-settings/Attachments.sys.mjs:537:35\n","nativeSavedFrame":{}}
    - message = 
    - name = 
    - result = 2152071198
    - stack = open@resource://gre/modules/ServiceRequest.sys.mjs:126:11|fetch/<@resource://services-settings/Utils.sys.mjs:273:15|fetch@resource://services-settings/Utils.sys.mjs:224:12|_fetchAttachment@resource://services-settings/Attachments.sys.mjs:560:35|downloadAsBytes@resource://services-settings/Attachments.sys.mjs:537:35|
  - prototype Object
console.error: RemoteSecuritySettings: 
  failed to download CRLite filter
Object
  - prototype Object
    - columnNumber = 11
    - data = null
    - filename = resource://gre/modules/ServiceRequest.sys.mjs
    - lineNumber = 126
    - location = {"name":"open","filename":"resource://gre/modules/ServiceRequest.sys.mjs","sourceId":29,"lineNumber":126,"columnNumber":11,"asyncCause":null,"asyncCaller":null,"caller":{"filename":"resource://services-settings/Utils.sys.mjs","name":"fetch/<","sourceId":28,"lineNumber":273,"columnNumber":15,"asyncCause":null,"asyncCaller":null,"caller":{"filename":"resource://services-settings/Utils.sys.mjs","name":"fetch","sourceId":28,"lineNumber":224,"columnNumber":12,"asyncCause":null,"asyncCaller":null,"caller":{"filename":"resource://services-settings/Attachments.sys.mjs","name":"_fetchAttachment","sourceId":27,"lineNumber":560,"columnNumber":35,"asyncCause":null,"asyncCaller":null,"caller":{"filename":"resource://services-settings/Attachments.sys.mjs","name":"downloadAsBytes","sourceId":27,"lineNumber":537,"columnNumber":35,"asyncCause":null,"asyncCaller":null,"caller":null,"formattedStack":"downloadAsBytes@resource://services-settings/Attachments.sys.mjs:537:35\n","nativeSavedFrame":{}},"formattedStack":"_fetchAttachment@resource://services-settings/Attachments.sys.mjs:560:35\ndownloadAsBytes@resource://services-settings/Attachments.sys.mjs:537:35\n","nativeSavedFrame":{}},"formattedStack":"fetch@resource://services-settings/Utils.sys.mjs:224:12\n_fetchAttachment@resource://services-settings/Attachments.sys.mjs:560:35\ndownloadAsBytes@resource://services-settings/Attachments.sys.mjs:537:35\n","nativeSavedFrame":{}},"formattedStack":"fetch/<@resource://services-settings/Utils.sys.mjs:273:15\nfetch@resource://services-settings/Utils.sys.mjs:224:12\n_fetchAttachment@resource://services-settings/Attachments.sys.mjs:560:35\ndownloadAsBytes@resource://services-settings/Attachments.sys.mjs:537:35\n","nativeSavedFrame":{}},"formattedStack":"open@resource://gre/modules/ServiceRequest.sys.mjs:126:11\nfetch/<@resource://services-settings/Utils.sys.mjs:273:15\nfetch@resource://services-settings/Utils.sys.mjs:224:12\n_fetchAttachment@resource://services-settings/Attachments.sys.mjs:560:35\ndownloadAsBytes@resource://services-settings/Attachments.sys.mjs:537:35\n","nativeSavedFrame":{}}
    - message = 
    - name = 
    - result = 2152071198
    - stack = open@resource://gre/modules/ServiceRequest.sys.mjs:126:11|fetch/<@resource://services-settings/Utils.sys.mjs:273:15|fetch@resource://services-settings/Utils.sys.mjs:224:12|_fetchAttachment@resource://services-settings/Attachments.sys.mjs:560:35|downloadAsBytes@resource://services-settings/Attachments.sys.mjs:537:35|
  - prototype Object
console.error: RemoteSecuritySettings: 
  failed to download CRLite filter
Object
  - prototype Object
    - columnNumber = 11
    - data = null
    - filename = resource://gre/modules/ServiceRequest.sys.mjs
    - lineNumber = 126
    - location = {"name":"open","filename":"resource://gre/modules/ServiceRequest.sys.mjs","sourceId":29,"lineNumber":126,"columnNumber":11,"asyncCause":null,"asyncCaller":null,"caller":{"filename":"resource://services-settings/Utils.sys.mjs","name":"fetch/<","sourceId":28,"lineNumber":273,"columnNumber":15,"asyncCause":null,"asyncCaller":null,"caller":{"filename":"resource://services-settings/Utils.sys.mjs","name":"fetch","sourceId":28,"lineNumber":224,"columnNumber":12,"asyncCause":null,"asyncCaller":null,"caller":{"filename":"resource://services-settings/Attachments.sys.mjs","name":"_fetchAttachment","sourceId":27,"lineNumber":560,"columnNumber":35,"asyncCause":null,"asyncCaller":null,"caller":{"filename":"resource://services-settings/Attachments.sys.mjs","name":"downloadAsBytes","sourceId":27,"lineNumber":537,"columnNumber":35,"asyncCause":null,"asyncCaller":null,"caller":null,"formattedStack":"downloadAsBytes@resource://services-settings/Attachments.sys.mjs:537:35\n","nativeSavedFrame":{}},"formattedStack":"_fetchAttachment@resource://services-settings/Attachments.sys.mjs:560:35\ndownloadAsBytes@resource://services-settings/Attachments.sys.mjs:537:35\n","nativeSavedFrame":{}},"formattedStack":"fetch@resource://services-settings/Utils.sys.mjs:224:12\n_fetchAttachment@resource://services-settings/Attachments.sys.mjs:560:35\ndownloadAsBytes@resource://services-settings/Attachments.sys.mjs:537:35\n","nativeSavedFrame":{}},"formattedStack":"fetch/<@resource://services-settings/Utils.sys.mjs:273:15\nfetch@resource://services-settings/Utils.sys.mjs:224:12\n_fetchAttachment@resource://services-settings/Attachments.sys.mjs:560:35\ndownloadAsBytes@resource://services-settings/Attachments.sys.mjs:537:35\n","nativeSavedFrame":{}},"formattedStack":"open@resource://gre/modules/ServiceRequest.sys.mjs:126:11\nfetch/<@resource://services-settings/Utils.sys.mjs:273:15\nfetch@resource://services-settings/Utils.sys.mjs:224:12\n_fetchAttachment@resource://services-settings/Attachments.sys.mjs:560:35\ndownloadAsBytes@resource://services-settings/Attachments.sys.mjs:537:35\n","nativeSavedFrame":{}}
    - message = 
    - name = 
    - result = 2152071198
    - stack = open@resource://gre/modules/ServiceRequest.sys.mjs:126:11|fetch/<@resource://services-settings/Utils.sys.mjs:273:15|fetch@resource://services-settings/Utils.sys.mjs:224:12|_fetchAttachment@resource://services-settings/Attachments.sys.mjs:560:35|downloadAsBytes@resource://services-settings/Attachments.sys.mjs:537:35|
  - prototype Object
console.error: RemoteSecuritySettings: 
  failed to download CRLite filter
Object
  - prototype Object
    - columnNumber = 11
    - data = null
    - filename = resource://gre/modules/ServiceRequest.sys.mjs
    - lineNumber = 126
    - location = {"name":"open","filename":"resource://gre/modules/ServiceRequest.sys.mjs","sourceId":29,"lineNumber":126,"columnNumber":11,"asyncCause":null,"asyncCaller":null,"caller":{"filename":"resource://services-settings/Utils.sys.mjs","name":"fetch/<","sourceId":28,"lineNumber":273,"columnNumber":15,"asyncCause":null,"asyncCaller":null,"caller":{"filename":"resource://services-settings/Utils.sys.mjs","name":"fetch","sourceId":28,"lineNumber":224,"columnNumber":12,"asyncCause":null,"asyncCaller":null,"caller":{"filename":"resource://services-settings/Attachments.sys.mjs","name":"_fetchAttachment","sourceId":27,"lineNumber":560,"columnNumber":35,"asyncCause":null,"asyncCaller":null,"caller":{"filename":"resource://services-settings/Attachments.sys.mjs","name":"downloadAsBytes","sourceId":27,"lineNumber":537,"columnNumber":35,"asyncCause":null,"asyncCaller":null,"caller":null,"formattedStack":"downloadAsBytes@resource://services-settings/Attachments.sys.mjs:537:35\n","nativeSavedFrame":{}},"formattedStack":"_fetchAttachment@resource://services-settings/Attachments.sys.mjs:560:35\ndownloadAsBytes@resource://services-settings/Attachments.sys.mjs:537:35\n","nativeSavedFrame":{}},"formattedStack":"fetch@resource://services-settings/Utils.sys.mjs:224:12\n_fetchAttachment@resource://services-settings/Attachments.sys.mjs:560:35\ndownloadAsBytes@resource://services-settings/Attachments.sys.mjs:537:35\n","nativeSavedFrame":{}},"formattedStack":"fetch/<@resource://services-settings/Utils.sys.mjs:273:15\nfetch@resource://services-settings/Utils.sys.mjs:224:12\n_fetchAttachment@resource://services-settings/Attachments.sys.mjs:560:35\ndownloadAsBytes@resource://services-settings/Attachments.sys.mjs:537:35\n","nativeSavedFrame":{}},"formattedStack":"open@resource://gre/modules/ServiceRequest.sys.mjs:126:11\nfetch/<@resource://services-settings/Utils.sys.mjs:273:15\nfetch@resource://services-settings/Utils.sys.mjs:224:12\n_fetchAttachment@resource://services-settings/Attachments.sys.mjs:560:35\ndownloadAsBytes@resource://services-settings/Attachments.sys.mjs:537:35\n","nativeSavedFrame":{}}
    - message = 
    - name = 
    - result = 2152071198
    - stack = open@resource://gre/modules/ServiceRequest.sys.mjs:126:11|fetch/<@resource://services-settings/Utils.sys.mjs:273:15|fetch@resource://services-settings/Utils.sys.mjs:224:12|_fetchAttachment@resource://services-settings/Attachments.sys.mjs:560:35|downloadAsBytes@resource://services-settings/Attachments.sys.mjs:537:35|
  - prototype Object
console.error: RemoteSecuritySettings: 
  failed to download CRLite filter
Object
  - prototype Object
    - columnNumber = 11
    - data = null
    - filename = resource://gre/modules/ServiceRequest.sys.mjs
    - lineNumber = 126
    - location = {"name":"open","filename":"resource://gre/modules/ServiceRequest.sys.mjs","sourceId":29,"lineNumber":126,"columnNumber":11,"asyncCause":null,"asyncCaller":null,"caller":{"filename":"resource://services-settings/Utils.sys.mjs","name":"fetch/<","sourceId":28,"lineNumber":273,"columnNumber":15,"asyncCause":null,"asyncCaller":null,"caller":{"filename":"resource://services-settings/Utils.sys.mjs","name":"fetch","sourceId":28,"lineNumber":224,"columnNumber":12,"asyncCause":null,"asyncCaller":null,"caller":{"filename":"resource://services-settings/Attachments.sys.mjs","name":"_fetchAttachment","sourceId":27,"lineNumber":560,"columnNumber":35,"asyncCause":null,"asyncCaller":null,"caller":{"filename":"resource://services-settings/Attachments.sys.mjs","name":"downloadAsBytes","sourceId":27,"lineNumber":537,"columnNumber":35,"asyncCause":null,"asyncCaller":null,"caller":null,"formattedStack":"downloadAsBytes@resource://services-settings/Attachments.sys.mjs:537:35\n","nativeSavedFrame":{}},"formattedStack":"_fetchAttachment@resource://services-settings/Attachments.sys.mjs:560:35\ndownloadAsBytes@resource://services-settings/Attachments.sys.mjs:537:35\n","nativeSavedFrame":{}},"formattedStack":"fetch@resource://services-settings/Utils.sys.mjs:224:12\n_fetchAttachment@resource://services-settings/Attachments.sys.mjs:560:35\ndownloadAsBytes@resource://services-settings/Attachments.sys.mjs:537:35\n","nativeSavedFrame":{}},"formattedStack":"fetch/<@resource://services-settings/Utils.sys.mjs:273:15\nfetch@resource://services-settings/Utils.sys.mjs:224:12\n_fetchAttachment@resource://services-settings/Attachments.sys.mjs:560:35\ndownloadAsBytes@resource://services-settings/Attachments.sys.mjs:537:35\n","nativeSavedFrame":{}},"formattedStack":"open@resource://gre/modules/ServiceRequest.sys.mjs:126:11\nfetch/<@resource://services-settings/Utils.sys.mjs:273:15\nfetch@resource://services-settings/Utils.sys.mjs:224:12\n_fetchAttachment@resource://services-settings/Attachments.sys.mjs:560:35\ndownloadAsBytes@resource://services-settings/Attachments.sys.mjs:537:35\n","nativeSavedFrame":{}}
    - message = 
    - name = 
    - result = 2152071198
    - stack = open@resource://gre/modules/ServiceRequest.sys.mjs:126:11|fetch/<@resource://services-settings/Utils.sys.mjs:273:15|fetch@resource://services-settings/Utils.sys.mjs:224:12|_fetchAttachment@resource://services-settings/Attachments.sys.mjs:560:35|downloadAsBytes@resource://services-settings/Attachments.sys.mjs:537:35|
  - prototype Object
console.error: RemoteSecuritySettings: 
  failed to download CRLite filter
Object
  - prototype Object
    - columnNumber = 11
    - data = null
    - filename = resource://gre/modules/ServiceRequest.sys.mjs
    - lineNumber = 126
    - location = {"name":"open","filename":"resource://gre/modules/ServiceRequest.sys.mjs","sourceId":29,"lineNumber":126,"columnNumber":11,"asyncCause":null,"asyncCaller":null,"caller":{"filename":"resource://services-settings/Utils.sys.mjs","name":"fetch/<","sourceId":28,"lineNumber":273,"columnNumber":15,"asyncCause":null,"asyncCaller":null,"caller":{"filename":"resource://services-settings/Utils.sys.mjs","name":"fetch","sourceId":28,"lineNumber":224,"columnNumber":12,"asyncCause":null,"asyncCaller":null,"caller":{"filename":"resource://services-settings/Attachments.sys.mjs","name":"_fetchAttachment","sourceId":27,"lineNumber":560,"columnNumber":35,"asyncCause":null,"asyncCaller":null,"caller":{"filename":"resource://services-settings/Attachments.sys.mjs","name":"downloadAsBytes","sourceId":27,"lineNumber":537,"columnNumber":35,"asyncCause":null,"asyncCaller":null,"caller":null,"formattedStack":"downloadAsBytes@resource://services-settings/Attachments.sys.mjs:537:35\n","nativeSavedFrame":{}},"formattedStack":"_fetchAttachment@resource://services-settings/Attachments.sys.mjs:560:35\ndownloadAsBytes@resource://services-settings/Attachments.sys.mjs:537:35\n","nativeSavedFrame":{}},"formattedStack":"fetch@resource://services-settings/Utils.sys.mjs:224:12\n_fetchAttachment@resource://services-settings/Attachments.sys.mjs:560:35\ndownloadAsBytes@resource://services-settings/Attachments.sys.mjs:537:35\n","nativeSavedFrame":{}},"formattedStack":"fetch/<@resource://services-settings/Utils.sys.mjs:273:15\nfetch@resource://services-settings/Utils.sys.mjs:224:12\n_fetchAttachment@resource://services-settings/Attachments.sys.mjs:560:35\ndownloadAsBytes@resource://services-settings/Attachments.sys.mjs:537:35\n","nativeSavedFrame":{}},"formattedStack":"open@resource://gre/modules/ServiceRequest.sys.mjs:126:11\nfetch/<@resource://services-settings/Utils.sys.mjs:273:15\nfetch@resource://services-settings/Utils.sys.mjs:224:12\n_fetchAttachment@resource://services-settings/Attachments.sys.mjs:560:35\ndownloadAsBytes@resource://services-settings/Attachments.sys.mjs:537:35\n","nativeSavedFrame":{}}
    - message = 
    - name = 
    - result = 2152071198
    - stack = open@resource://gre/modules/ServiceRequest.sys.mjs:126:11|fetch/<@resource://services-settings/Utils.sys.mjs:273:15|fetch@resource://services-settings/Utils.sys.mjs:224:12|_fetchAttachment@resource://services-settings/Attachments.sys.mjs:560:35|downloadAsBytes@resource://services-settings/Attachments.sys.mjs:537:35|
  - prototype Object
console.error: RemoteSecuritySettings: 
  failed to download CRLite filter
Object
  - prototype Object
    - columnNumber = 11
    - data = null
    - filename = resource://gre/modules/ServiceRequest.sys.mjs
    - lineNumber = 126
    - location = {"name":"open","filename":"resource://gre/modules/ServiceRequest.sys.mjs","sourceId":29,"lineNumber":126,"columnNumber":11,"asyncCause":null,"asyncCaller":null,"caller":{"filename":"resource://services-settings/Utils.sys.mjs","name":"fetch/<","sourceId":28,"lineNumber":273,"columnNumber":15,"asyncCause":null,"asyncCaller":null,"caller":{"filename":"resource://services-settings/Utils.sys.mjs","name":"fetch","sourceId":28,"lineNumber":224,"columnNumber":12,"asyncCause":null,"asyncCaller":null,"caller":{"filename":"resource://services-settings/Attachments.sys.mjs","name":"_fetchAttachment","sourceId":27,"lineNumber":560,"columnNumber":35,"asyncCause":null,"asyncCaller":null,"caller":{"filename":"resource://services-settings/Attachments.sys.mjs","name":"downloadAsBytes","sourceId":27,"lineNumber":537,"columnNumber":35,"asyncCause":null,"asyncCaller":null,"caller":null,"formattedStack":"downloadAsBytes@resource://services-settings/Attachments.sys.mjs:537:35\n","nativeSavedFrame":{}},"formattedStack":"_fetchAttachment@resource://services-settings/Attachments.sys.mjs:560:35\ndownloadAsBytes@resource://services-settings/Attachments.sys.mjs:537:35\n","nativeSavedFrame":{}},"formattedStack":"fetch@resource://services-settings/Utils.sys.mjs:224:12\n_fetchAttachment@resource://services-settings/Attachments.sys.mjs:560:35\ndownloadAsBytes@resource://services-settings/Attachments.sys.mjs:537:35\n","nativeSavedFrame":{}},"formattedStack":"fetch/<@resource://services-settings/Utils.sys.mjs:273:15\nfetch@resource://services-settings/Utils.sys.mjs:224:12\n_fetchAttachment@resource://services-settings/Attachments.sys.mjs:560:35\ndownloadAsBytes@resource://services-settings/Attachments.sys.mjs:537:35\n","nativeSavedFrame":{}},"formattedStack":"open@resource://gre/modules/ServiceRequest.sys.mjs:126:11\nfetch/<@resource://services-settings/Utils.sys.mjs:273:15\nfetch@resource://services-settings/Utils.sys.mjs:224:12\n_fetchAttachment@resource://services-settings/Attachments.sys.mjs:560:35\ndownloadAsBytes@resource://services-settings/Attachments.sys.mjs:537:35\n","nativeSavedFrame":{}}
    - message = 
    - name = 
    - result = 2152071198
    - stack = open@resource://gre/modules/ServiceRequest.sys.mjs:126:11|fetch/<@resource://services-settings/Utils.sys.mjs:273:15|fetch@resource://services-settings/Utils.sys.mjs:224:12|_fetchAttachment@resource://services-settings/Attachments.sys.mjs:560:35|downloadAsBytes@resource://services-settings/Attachments.sys.mjs:537:35|
  - prototype Object
console.error: RemoteSecuritySettings: 
  failed to download CRLite filter
Object
  - prototype Object
    - columnNumber = 11
    - data = null
    - filename = resource://gre/modules/ServiceRequest.sys.mjs
    - lineNumber = 126
    - location = {"name":"open","filename":"resource://gre/modules/ServiceRequest.sys.mjs","sourceId":29,"lineNumber":126,"columnNumber":11,"asyncCause":null,"asyncCaller":null,"caller":{"filename":"resource://services-settings/Utils.sys.mjs","name":"fetch/<","sourceId":28,"lineNumber":273,"columnNumber":15,"asyncCause":null,"asyncCaller":null,"caller":{"filename":"resource://services-settings/Utils.sys.mjs","name":"fetch","sourceId":28,"lineNumber":224,"columnNumber":12,"asyncCause":null,"asyncCaller":null,"caller":{"filename":"resource://services-settings/Attachments.sys.mjs","name":"_fetchAttachment","sourceId":27,"lineNumber":560,"columnNumber":35,"asyncCause":null,"asyncCaller":null,"caller":{"filename":"resource://services-settings/Attachments.sys.mjs","name":"downloadAsBytes","sourceId":27,"lineNumber":537,"columnNumber":35,"asyncCause":null,"asyncCaller":null,"caller":null,"formattedStack":"downloadAsBytes@resource://services-settings/Attachments.sys.mjs:537:35\n","nativeSavedFrame":{}},"formattedStack":"_fetchAttachment@resource://services-settings/Attachments.sys.mjs:560:35\ndownloadAsBytes@resource://services-settings/Attachments.sys.mjs:537:35\n","nativeSavedFrame":{}},"formattedStack":"fetch@resource://services-settings/Utils.sys.mjs:224:12\n_fetchAttachment@resource://services-settings/Attachments.sys.mjs:560:35\ndownloadAsBytes@resource://services-settings/Attachments.sys.mjs:537:35\n","nativeSavedFrame":{}},"formattedStack":"fetch/<@resource://services-settings/Utils.sys.mjs:273:15\nfetch@resource://services-settings/Utils.sys.mjs:224:12\n_fetchAttachment@resource://services-settings/Attachments.sys.mjs:560:35\ndownloadAsBytes@resource://services-settings/Attachments.sys.mjs:537:35\n","nativeSavedFrame":{}},"formattedStack":"open@resource://gre/modules/ServiceRequest.sys.mjs:126:11\nfetch/<@resource://services-settings/Utils.sys.mjs:273:15\nfetch@resource://services-settings/Utils.sys.mjs:224:12\n_fetchAttachment@resource://services-settings/Attachments.sys.mjs:560:35\ndownloadAsBytes@resource://services-settings/Attachments.sys.mjs:537:35\n","nativeSavedFrame":{}}
    - message = 
    - name = 
    - result = 2152071198
    - stack = open@resource://gre/modules/ServiceRequest.sys.mjs:126:11|fetch/<@resource://services-settings/Utils.sys.mjs:273:15|fetch@resource://services-settings/Utils.sys.mjs:224:12|_fetchAttachment@resource://services-settings/Attachments.sys.mjs:560:35|downloadAsBytes@resource://services-settings/Attachments.sys.mjs:537:35|
  - prototype Object
console.error: RemoteSecuritySettings: 
  failed to download CRLite filter
Object
  - prototype Object
    - columnNumber = 11
    - data = null
    - filename = resource://gre/modules/ServiceRequest.sys.mjs
    - lineNumber = 126
    - location = {"name":"open","filename":"resource://gre/modules/ServiceRequest.sys.mjs","sourceId":29,"lineNumber":126,"columnNumber":11,"asyncCause":null,"asyncCaller":null,"caller":{"filename":"resource://services-settings/Utils.sys.mjs","name":"fetch/<","sourceId":28,"lineNumber":273,"columnNumber":15,"asyncCause":null,"asyncCaller":null,"caller":{"filename":"resource://services-settings/Utils.sys.mjs","name":"fetch","sourceId":28,"lineNumber":224,"columnNumber":12,"asyncCause":null,"asyncCaller":null,"caller":{"filename":"resource://services-settings/Attachments.sys.mjs","name":"_fetchAttachment","sourceId":27,"lineNumber":560,"columnNumber":35,"asyncCause":null,"asyncCaller":null,"caller":{"filename":"resource://services-settings/Attachments.sys.mjs","name":"downloadAsBytes","sourceId":27,"lineNumber":537,"columnNumber":35,"asyncCause":null,"asyncCaller":null,"caller":null,"formattedStack":"downloadAsBytes@resource://services-settings/Attachments.sys.mjs:537:35\n","nativeSavedFrame":{}},"formattedStack":"_fetchAttachment@resource://services-settings/Attachments.sys.mjs:560:35\ndownloadAsBytes@resource://services-settings/Attachments.sys.mjs:537:35\n","nativeSavedFrame":{}},"formattedStack":"fetch@resource://services-settings/Utils.sys.mjs:224:12\n_fetchAttachment@resource://services-settings/Attachments.sys.mjs:560:35\ndownloadAsBytes@resource://services-settings/Attachments.sys.mjs:537:35\n","nativeSavedFrame":{}},"formattedStack":"fetch/<@resource://services-settings/Utils.sys.mjs:273:15\nfetch@resource://services-settings/Utils.sys.mjs:224:12\n_fetchAttachment@resource://services-settings/Attachments.sys.mjs:560:35\ndownloadAsBytes@resource://services-settings/Attachments.sys.mjs:537:35\n","nativeSavedFrame":{}},"formattedStack":"open@resource://gre/modules/ServiceRequest.sys.mjs:126:11\nfetch/<@resource://services-settings/Utils.sys.mjs:273:15\nfetch@resource://services-settings/Utils.sys.mjs:224:12\n_fetchAttachment@resource://services-settings/Attachments.sys.mjs:560:35\ndownloadAsBytes@resource://services-settings/Attachments.sys.mjs:537:35\n","nativeSavedFrame":{}}
    - message = 
    - name = 
    - result = 2152071198
    - stack = open@resource://gre/modules/ServiceRequest.sys.mjs:126:11|fetch/<@resource://services-settings/Utils.sys.mjs:273:15|fetch@resource://services-settings/Utils.sys.mjs:224:12|_fetchAttachment@resource://services-settings/Attachments.sys.mjs:560:35|downloadAsBytes@resource://services-settings/Attachments.sys.mjs:537:35|
  - prototype Object
console.error: RemoteSecuritySettings: 
  failed to download CRLite filter
Object
  - prototype Object
    - columnNumber = 11
    - data = null
    - filename = resource://gre/modules/ServiceRequest.sys.mjs
    - lineNumber = 126
    - location = {"name":"open","filename":"resource://gre/modules/ServiceRequest.sys.mjs","sourceId":29,"lineNumber":126,"columnNumber":11,"asyncCause":null,"asyncCaller":null,"caller":{"filename":"resource://services-settings/Utils.sys.mjs","name":"fetch/<","sourceId":28,"lineNumber":273,"columnNumber":15,"asyncCause":null,"asyncCaller":null,"caller":{"filename":"resource://services-settings/Utils.sys.mjs","name":"fetch","sourceId":28,"lineNumber":224,"columnNumber":12,"asyncCause":null,"asyncCaller":null,"caller":{"filename":"resource://services-settings/Attachments.sys.mjs","name":"_fetchAttachment","sourceId":27,"lineNumber":560,"columnNumber":35,"asyncCause":null,"asyncCaller":null,"caller":{"filename":"resource://services-settings/Attachments.sys.mjs","name":"downloadAsBytes","sourceId":27,"lineNumber":537,"columnNumber":35,"asyncCause":null,"asyncCaller":null,"caller":null,"formattedStack":"downloadAsBytes@resource://services-settings/Attachments.sys.mjs:537:35\n","nativeSavedFrame":{}},"formattedStack":"_fetchAttachment@resource://services-settings/Attachments.sys.mjs:560:35\ndownloadAsBytes@resource://services-settings/Attachments.sys.mjs:537:35\n","nativeSavedFrame":{}},"formattedStack":"fetch@resource://services-settings/Utils.sys.mjs:224:12\n_fetchAttachment@resource://services-settings/Attachments.sys.mjs:560:35\ndownloadAsBytes@resource://services-settings/Attachments.sys.mjs:537:35\n","nativeSavedFrame":{}},"formattedStack":"fetch/<@resource://services-settings/Utils.sys.mjs:273:15\nfetch@resource://services-settings/Utils.sys.mjs:224:12\n_fetchAttachment@resource://services-settings/Attachments.sys.mjs:560:35\ndownloadAsBytes@resource://services-settings/Attachments.sys.mjs:537:35\n","nativeSavedFrame":{}},"formattedStack":"open@resource://gre/modules/ServiceRequest.sys.mjs:126:11\nfetch/<@resource://services-settings/Utils.sys.mjs:273:15\nfetch@resource://services-settings/Utils.sys.mjs:224:12\n_fetchAttachment@resource://services-settings/Attachments.sys.mjs:560:35\ndownloadAsBytes@resource://services-settings/Attachments.sys.mjs:537:35\n","nativeSavedFrame":{}}
    - message = 
    - name = 
    - result = 2152071198
    - stack = open@resource://gre/modules/ServiceRequest.sys.mjs:126:11|fetch/<@resource://services-settings/Utils.sys.mjs:273:15|fetch@resource://services-settings/Utils.sys.mjs:224:12|_fetchAttachment@resource://services-settings/Attachments.sys.mjs:560:35|downloadAsBytes@resource://services-settings/Attachments.sys.mjs:537:35|
  - prototype Object
console.error: RemoteSecuritySettings: 
  failed to download CRLite filter
Object
  - prototype Object
    - columnNumber = 11
    - data = null
    - filename = resource://gre/modules/ServiceRequest.sys.mjs
    - lineNumber = 126
    - location = {"name":"open","filename":"resource://gre/modules/ServiceRequest.sys.mjs","sourceId":29,"lineNumber":126,"columnNumber":11,"asyncCause":null,"asyncCaller":null,"caller":{"filename":"resource://services-settings/Utils.sys.mjs","name":"fetch/<","sourceId":28,"lineNumber":273,"columnNumber":15,"asyncCause":null,"asyncCaller":null,"caller":{"filename":"resource://services-settings/Utils.sys.mjs","name":"fetch","sourceId":28,"lineNumber":224,"columnNumber":12,"asyncCause":null,"asyncCaller":null,"caller":{"filename":"resource://services-settings/Attachments.sys.mjs","name":"_fetchAttachment","sourceId":27,"lineNumber":560,"columnNumber":35,"asyncCause":null,"asyncCaller":null,"caller":{"filename":"resource://services-settings/Attachments.sys.mjs","name":"downloadAsBytes","sourceId":27,"lineNumber":537,"columnNumber":35,"asyncCause":null,"asyncCaller":null,"caller":null,"formattedStack":"downloadAsBytes@resource://services-settings/Attachments.sys.mjs:537:35\n","nativeSavedFrame":{}},"formattedStack":"_fetchAttachment@resource://services-settings/Attachments.sys.mjs:560:35\ndownloadAsBytes@resource://services-settings/Attachments.sys.mjs:537:35\n","nativeSavedFrame":{}},"formattedStack":"fetch@resource://services-settings/Utils.sys.mjs:224:12\n_fetchAttachment@resource://services-settings/Attachments.sys.mjs:560:35\ndownloadAsBytes@resource://services-settings/Attachments.sys.mjs:537:35\n","nativeSavedFrame":{}},"formattedStack":"fetch/<@resource://services-settings/Utils.sys.mjs:273:15\nfetch@resource://services-settings/Utils.sys.mjs:224:12\n_fetchAttachment@resource://services-settings/Attachments.sys.mjs:560:35\ndownloadAsBytes@resource://services-settings/Attachments.sys.mjs:537:35\n","nativeSavedFrame":{}},"formattedStack":"open@resource://gre/modules/ServiceRequest.sys.mjs:126:11\nfetch/<@resource://services-settings/Utils.sys.mjs:273:15\nfetch@resource://services-settings/Utils.sys.mjs:224:12\n_fetchAttachment@resource://services-settings/Attachments.sys.mjs:560:35\ndownloadAsBytes@resource://services-settings/Attachments.sys.mjs:537:35\n","nativeSavedFrame":{}}
    - message = 
    - name = 
    - result = 2152071198
    - stack = open@resource://gre/modules/ServiceRequest.sys.mjs:126:11|fetch/<@resource://services-settings/Utils.sys.mjs:273:15|fetch@resource://services-settings/Utils.sys.mjs:224:12|_fetchAttachment@resource://services-settings/Attachments.sys.mjs:560:35|downloadAsBytes@resource://services-settings/Attachments.sys.mjs:537:35|
  - prototype Object
console.error: RemoteSecuritySettings: 
  failed to download CRLite filter
Object
  - prototype Object
    - columnNumber = 11
    - data = null
    - filename = resource://gre/modules/ServiceRequest.sys.mjs
    - lineNumber = 126
    - location = {"name":"open","filename":"resource://gre/modules/ServiceRequest.sys.mjs","sourceId":29,"lineNumber":126,"columnNumber":11,"asyncCause":null,"asyncCaller":null,"caller":{"filename":"resource://services-settings/Utils.sys.mjs","name":"fetch/<","sourceId":28,"lineNumber":273,"columnNumber":15,"asyncCause":null,"asyncCaller":null,"caller":{"filename":"resource://services-settings/Utils.sys.mjs","name":"fetch","sourceId":28,"lineNumber":224,"columnNumber":12,"asyncCause":null,"asyncCaller":null,"caller":{"filename":"resource://services-settings/Attachments.sys.mjs","name":"_fetchAttachment","sourceId":27,"lineNumber":560,"columnNumber":35,"asyncCause":null,"asyncCaller":null,"caller":{"filename":"resource://services-settings/Attachments.sys.mjs","name":"downloadAsBytes","sourceId":27,"lineNumber":537,"columnNumber":35,"asyncCause":null,"asyncCaller":null,"caller":null,"formattedStack":"downloadAsBytes@resource://services-settings/Attachments.sys.mjs:537:35\n","nativeSavedFrame":{}},"formattedStack":"_fetchAttachment@resource://services-settings/Attachments.sys.mjs:560:35\ndownloadAsBytes@resource://services-settings/Attachments.sys.mjs:537:35\n","nativeSavedFrame":{}},"formattedStack":"fetch@resource://services-settings/Utils.sys.mjs:224:12\n_fetchAttachment@resource://services-settings/Attachments.sys.mjs:560:35\ndownloadAsBytes@resource://services-settings/Attachments.sys.mjs:537:35\n","nativeSavedFrame":{}},"formattedStack":"fetch/<@resource://services-settings/Utils.sys.mjs:273:15\nfetch@resource://services-settings/Utils.sys.mjs:224:12\n_fetchAttachment@resource://services-settings/Attachments.sys.mjs:560:35\ndownloadAsBytes@resource://services-settings/Attachments.sys.mjs:537:35\n","nativeSavedFrame":{}},"formattedStack":"open@resource://gre/modules/ServiceRequest.sys.mjs:126:11\nfetch/<@resource://services-settings/Utils.sys.mjs:273:15\nfetch@resource://services-settings/Utils.sys.mjs:224:12\n_fetchAttachment@resource://services-settings/Attachments.sys.mjs:560:35\ndownloadAsBytes@resource://services-settings/Attachments.sys.mjs:537:35\n","nativeSavedFrame":{}}
    - message = 
    - name = 
    - result = 2152071198
    - stack = open@resource://gre/modules/ServiceRequest.sys.mjs:126:11|fetch/<@resource://services-settings/Utils.sys.mjs:273:15|fetch@resource://services-settings/Utils.sys.mjs:224:12|_fetchAttachment@resource://services-settings/Attachments.sys.mjs:560:35|downloadAsBytes@resource://services-settings/Attachments.sys.mjs:537:35|
  - prototype Object
console.error: RemoteSecuritySettings: 
  failed to download CRLite filter
Object
  - prototype Object
    - columnNumber = 11
    - data = null
    - filename = resource://gre/modules/ServiceRequest.sys.mjs
    - lineNumber = 126
    - location = {"name":"open","filename":"resource://gre/modules/ServiceRequest.sys.mjs","sourceId":29,"lineNumber":126,"columnNumber":11,"asyncCause":null,"asyncCaller":null,"caller":{"filename":"resource://services-settings/Utils.sys.mjs","name":"fetch/<","sourceId":28,"lineNumber":273,"columnNumber":15,"asyncCause":null,"asyncCaller":null,"caller":{"filename":"resource://services-settings/Utils.sys.mjs","name":"fetch","sourceId":28,"lineNumber":224,"columnNumber":12,"asyncCause":null,"asyncCaller":null,"caller":{"filename":"resource://services-settings/Attachments.sys.mjs","name":"_fetchAttachment","sourceId":27,"lineNumber":560,"columnNumber":35,"asyncCause":null,"asyncCaller":null,"caller":{"filename":"resource://services-settings/Attachments.sys.mjs","name":"downloadAsBytes","sourceId":27,"lineNumber":537,"columnNumber":35,"asyncCause":null,"asyncCaller":null,"caller":null,"formattedStack":"downloadAsBytes@resource://services-settings/Attachments.sys.mjs:537:35\n","nativeSavedFrame":{}},"formattedStack":"_fetchAttachment@resource://services-settings/Attachments.sys.mjs:560:35\ndownloadAsBytes@resource://services-settings/Attachments.sys.mjs:537:35\n","nativeSavedFrame":{}},"formattedStack":"fetch@resource://services-settings/Utils.sys.mjs:224:12\n_fetchAttachment@resource://services-settings/Attachments.sys.mjs:560:35\ndownloadAsBytes@resource://services-settings/Attachments.sys.mjs:537:35\n","nativeSavedFrame":{}},"formattedStack":"fetch/<@resource://services-settings/Utils.sys.mjs:273:15\nfetch@resource://services-settings/Utils.sys.mjs:224:12\n_fetchAttachment@resource://services-settings/Attachments.sys.mjs:560:35\ndownloadAsBytes@resource://services-settings/Attachments.sys.mjs:537:35\n","nativeSavedFrame":{}},"formattedStack":"open@resource://gre/modules/ServiceRequest.sys.mjs:126:11\nfetch/<@resource://services-settings/Utils.sys.mjs:273:15\nfetch@resource://services-settings/Utils.sys.mjs:224:12\n_fetchAttachment@resource://services-settings/Attachments.sys.mjs:560:35\ndownloadAsBytes@resource://services-settings/Attachments.sys.mjs:537:35\n","nativeSavedFrame":{}}
    - message = 
    - name = 
    - result = 2152071198
    - stack = open@resource://gre/modules/ServiceRequest.sys.mjs:126:11|fetch/<@resource://services-settings/Utils.sys.mjs:273:15|fetch@resource://services-settings/Utils.sys.mjs:224:12|_fetchAttachment@resource://services-settings/Attachments.sys.mjs:560:35|downloadAsBytes@resource://services-settings/Attachments.sys.mjs:537:35|
  - prototype Object
console.error: RemoteSecuritySettings: 
  failed to download CRLite filter
Object
  - prototype Object
    - columnNumber = 11
    - data = null
    - filename = resource://gre/modules/ServiceRequest.sys.mjs
    - lineNumber = 126
    - location = {"name":"open","filename":"resource://gre/modules/ServiceRequest.sys.mjs","sourceId":29,"lineNumber":126,"columnNumber":11,"asyncCause":null,"asyncCaller":null,"caller":{"filename":"resource://services-settings/Utils.sys.mjs","name":"fetch/<","sourceId":28,"lineNumber":273,"columnNumber":15,"asyncCause":null,"asyncCaller":null,"caller":{"filename":"resource://services-settings/Utils.sys.mjs","name":"fetch","sourceId":28,"lineNumber":224,"columnNumber":12,"asyncCause":null,"asyncCaller":null,"caller":{"filename":"resource://services-settings/Attachments.sys.mjs","name":"_fetchAttachment","sourceId":27,"lineNumber":560,"columnNumber":35,"asyncCause":null,"asyncCaller":null,"caller":{"filename":"resource://services-settings/Attachments.sys.mjs","name":"downloadAsBytes","sourceId":27,"lineNumber":537,"columnNumber":35,"asyncCause":null,"asyncCaller":null,"caller":null,"formattedStack":"downloadAsBytes@resource://services-settings/Attachments.sys.mjs:537:35\n","nativeSavedFrame":{}},"formattedStack":"_fetchAttachment@resource://services-settings/Attachments.sys.mjs:560:35\ndownloadAsBytes@resource://services-settings/Attachments.sys.mjs:537:35\n","nativeSavedFrame":{}},"formattedStack":"fetch@resource://services-settings/Utils.sys.mjs:224:12\n_fetchAttachment@resource://services-settings/Attachments.sys.mjs:560:35\ndownloadAsBytes@resource://services-settings/Attachments.sys.mjs:537:35\n","nativeSavedFrame":{}},"formattedStack":"fetch/<@resource://services-settings/Utils.sys.mjs:273:15\nfetch@resource://services-settings/Utils.sys.mjs:224:12\n_fetchAttachment@resource://services-settings/Attachments.sys.mjs:560:35\ndownloadAsBytes@resource://services-settings/Attachments.sys.mjs:537:35\n","nativeSavedFrame":{}},"formattedStack":"open@resource://gre/modules/ServiceRequest.sys.mjs:126:11\nfetch/<@resource://services-settings/Utils.sys.mjs:273:15\nfetch@resource://services-settings/Utils.sys.mjs:224:12\n_fetchAttachment@resource://services-settings/Attachments.sys.mjs:560:35\ndownloadAsBytes@resource://services-settings/Attachments.sys.mjs:537:35\n","nativeSavedFrame":{}}
    - message = 
    - name = 
    - result = 2152071198
    - stack = open@resource://gre/modules/ServiceRequest.sys.mjs:126:11|fetch/<@resource://services-settings/Utils.sys.mjs:273:15|fetch@resource://services-settings/Utils.sys.mjs:224:12|_fetchAttachment@resource://services-settings/Attachments.sys.mjs:560:35|downloadAsBytes@resource://services-settings/Attachments.sys.mjs:537:35|
  - prototype Object
console.error: RemoteSecuritySettings: 
  failed to download CRLite filter
Object
  - prototype Object
    - columnNumber = 11
    - data = null
    - filename = resource://gre/modules/ServiceRequest.sys.mjs
    - lineNumber = 126
    - location = {"name":"open","filename":"resource://gre/modules/ServiceRequest.sys.mjs","sourceId":29,"lineNumber":126,"columnNumber":11,"asyncCause":null,"asyncCaller":null,"caller":{"filename":"resource://services-settings/Utils.sys.mjs","name":"fetch/<","sourceId":28,"lineNumber":273,"columnNumber":15,"asyncCause":null,"asyncCaller":null,"caller":{"filename":"resource://services-settings/Utils.sys.mjs","name":"fetch","sourceId":28,"lineNumber":224,"columnNumber":12,"asyncCause":null,"asyncCaller":null,"caller":{"filename":"resource://services-settings/Attachments.sys.mjs","name":"_fetchAttachment","sourceId":27,"lineNumber":560,"columnNumber":35,"asyncCause":null,"asyncCaller":null,"caller":{"filename":"resource://services-settings/Attachments.sys.mjs","name":"downloadAsBytes","sourceId":27,"lineNumber":537,"columnNumber":35,"asyncCause":null,"asyncCaller":null,"caller":null,"formattedStack":"downloadAsBytes@resource://services-settings/Attachments.sys.mjs:537:35\n","nativeSavedFrame":{}},"formattedStack":"_fetchAttachment@resource://services-settings/Attachments.sys.mjs:560:35\ndownloadAsBytes@resource://services-settings/Attachments.sys.mjs:537:35\n","nativeSavedFrame":{}},"formattedStack":"fetch@resource://services-settings/Utils.sys.mjs:224:12\n_fetchAttachment@resource://services-settings/Attachments.sys.mjs:560:35\ndownloadAsBytes@resource://services-settings/Attachments.sys.mjs:537:35\n","nativeSavedFrame":{}},"formattedStack":"fetch/<@resource://services-settings/Utils.sys.mjs:273:15\nfetch@resource://services-settings/Utils.sys.mjs:224:12\n_fetchAttachment@resource://services-settings/Attachments.sys.mjs:560:35\ndownloadAsBytes@resource://services-settings/Attachments.sys.mjs:537:35\n","nativeSavedFrame":{}},"formattedStack":"open@resource://gre/modules/ServiceRequest.sys.mjs:126:11\nfetch/<@resource://services-settings/Utils.sys.mjs:273:15\nfetch@resource://services-settings/Utils.sys.mjs:224:12\n_fetchAttachment@resource://services-settings/Attachments.sys.mjs:560:35\ndownloadAsBytes@resource://services-settings/Attachments.sys.mjs:537:35\n","nativeSavedFrame":{}}
    - message = 
    - name = 
    - result = 2152071198
    - stack = open@resource://gre/modules/ServiceRequest.sys.mjs:126:11|fetch/<@resource://services-settings/Utils.sys.mjs:273:15|fetch@resource://services-settings/Utils.sys.mjs:224:12|_fetchAttachment@resource://services-settings/Attachments.sys.mjs:560:35|downloadAsBytes@resource://services-settings/Attachments.sys.mjs:537:35|
  - prototype Object
console.error: RemoteSecuritySettings: 
  failed to download CRLite filter
Object
  - prototype Object
    - columnNumber = 11
    - data = null
    - filename = resource://gre/modules/ServiceRequest.sys.mjs
    - lineNumber = 126
    - location = {"name":"open","filename":"resource://gre/modules/ServiceRequest.sys.mjs","sourceId":29,"lineNumber":126,"columnNumber":11,"asyncCause":null,"asyncCaller":null,"caller":{"filename":"resource://services-settings/Utils.sys.mjs","name":"fetch/<","sourceId":28,"lineNumber":273,"columnNumber":15,"asyncCause":null,"asyncCaller":null,"caller":{"filename":"resource://services-settings/Utils.sys.mjs","name":"fetch","sourceId":28,"lineNumber":224,"columnNumber":12,"asyncCause":null,"asyncCaller":null,"caller":{"filename":"resource://services-settings/Attachments.sys.mjs","name":"_fetchAttachment","sourceId":27,"lineNumber":560,"columnNumber":35,"asyncCause":null,"asyncCaller":null,"caller":{"filename":"resource://services-settings/Attachments.sys.mjs","name":"downloadAsBytes","sourceId":27,"lineNumber":537,"columnNumber":35,"asyncCause":null,"asyncCaller":null,"caller":null,"formattedStack":"downloadAsBytes@resource://services-settings/Attachments.sys.mjs:537:35\n","nativeSavedFrame":{}},"formattedStack":"_fetchAttachment@resource://services-settings/Attachments.sys.mjs:560:35\ndownloadAsBytes@resource://services-settings/Attachments.sys.mjs:537:35\n","nativeSavedFrame":{}},"formattedStack":"fetch@resource://services-settings/Utils.sys.mjs:224:12\n_fetchAttachment@resource://services-settings/Attachments.sys.mjs:560:35\ndownloadAsBytes@resource://services-settings/Attachments.sys.mjs:537:35\n","nativeSavedFrame":{}},"formattedStack":"fetch/<@resource://services-settings/Utils.sys.mjs:273:15\nfetch@resource://services-settings/Utils.sys.mjs:224:12\n_fetchAttachment@resource://services-settings/Attachments.sys.mjs:560:35\ndownloadAsBytes@resource://services-settings/Attachments.sys.mjs:537:35\n","nativeSavedFrame":{}},"formattedStack":"open@resource://gre/modules/ServiceRequest.sys.mjs:126:11\nfetch/<@resource://services-settings/Utils.sys.mjs:273:15\nfetch@resource://services-settings/Utils.sys.mjs:224:12\n_fetchAttachment@resource://services-settings/Attachments.sys.mjs:560:35\ndownloadAsBytes@resource://services-settings/Attachments.sys.mjs:537:35\n","nativeSavedFrame":{}}
    - message = 
    - name = 
    - result = 2152071198
    - stack = open@resource://gre/modules/ServiceRequest.sys.mjs:126:11|fetch/<@resource://services-settings/Utils.sys.mjs:273:15|fetch@resource://services-settings/Utils.sys.mjs:224:12|_fetchAttachment@resource://services-settings/Attachments.sys.mjs:560:35|downloadAsBytes@resource://services-settings/Attachments.sys.mjs:537:35|
  - prototype Object
console.error: RemoteSecuritySettings: 
  failed to download CRLite filter
Object
  - prototype Object
    - columnNumber = 11
    - data = null
    - filename = resource://gre/modules/ServiceRequest.sys.mjs
    - lineNumber = 126
    - location = {"name":"open","filename":"resource://gre/modules/ServiceRequest.sys.mjs","sourceId":29,"lineNumber":126,"columnNumber":11,"asyncCause":null,"asyncCaller":null,"caller":{"filename":"resource://services-settings/Utils.sys.mjs","name":"fetch/<","sourceId":28,"lineNumber":273,"columnNumber":15,"asyncCause":null,"asyncCaller":null,"caller":{"filename":"resource://services-settings/Utils.sys.mjs","name":"fetch","sourceId":28,"lineNumber":224,"columnNumber":12,"asyncCause":null,"asyncCaller":null,"caller":{"filename":"resource://services-settings/Attachments.sys.mjs","name":"_fetchAttachment","sourceId":27,"lineNumber":560,"columnNumber":35,"asyncCause":null,"asyncCaller":null,"caller":{"filename":"resource://services-settings/Attachments.sys.mjs","name":"downloadAsBytes","sourceId":27,"lineNumber":537,"columnNumber":35,"asyncCause":null,"asyncCaller":null,"caller":null,"formattedStack":"downloadAsBytes@resource://services-settings/Attachments.sys.mjs:537:35\n","nativeSavedFrame":{}},"formattedStack":"_fetchAttachment@resource://services-settings/Attachments.sys.mjs:560:35\ndownloadAsBytes@resource://services-settings/Attachments.sys.mjs:537:35\n","nativeSavedFrame":{}},"formattedStack":"fetch@resource://services-settings/Utils.sys.mjs:224:12\n_fetchAttachment@resource://services-settings/Attachments.sys.mjs:560:35\ndownloadAsBytes@resource://services-settings/Attachments.sys.mjs:537:35\n","nativeSavedFrame":{}},"formattedStack":"fetch/<@resource://services-settings/Utils.sys.mjs:273:15\nfetch@resource://services-settings/Utils.sys.mjs:224:12\n_fetchAttachment@resource://services-settings/Attachments.sys.mjs:560:35\ndownloadAsBytes@resource://services-settings/Attachments.sys.mjs:537:35\n","nativeSavedFrame":{}},"formattedStack":"open@resource://gre/modules/ServiceRequest.sys.mjs:126:11\nfetch/<@resource://services-settings/Utils.sys.mjs:273:15\nfetch@resource://services-settings/Utils.sys.mjs:224:12\n_fetchAttachment@resource://services-settings/Attachments.sys.mjs:560:35\ndownloadAsBytes@resource://services-settings/Attachments.sys.mjs:537:35\n","nativeSavedFrame":{}}
    - message = 
    - name = 
    - result = 2152071198
    - stack = open@resource://gre/modules/ServiceRequest.sys.mjs:126:11|fetch/<@resource://services-settings/Utils.sys.mjs:273:15|fetch@resource://services-settings/Utils.sys.mjs:224:12|_fetchAttachment@resource://services-settings/Attachments.sys.mjs:560:35|downloadAsBytes@resource://services-settings/Attachments.sys.mjs:537:35|
  - prototype Object
console.error: RemoteSecuritySettings: 
  failed to download CRLite filter
Object
  - prototype Object
    - columnNumber = 11
    - data = null
    - filename = resource://gre/modules/ServiceRequest.sys.mjs
    - lineNumber = 126
    - location = {"name":"open","filename":"resource://gre/modules/ServiceRequest.sys.mjs","sourceId":29,"lineNumber":126,"columnNumber":11,"asyncCause":null,"asyncCaller":null,"caller":{"filename":"resource://services-settings/Utils.sys.mjs","name":"fetch/<","sourceId":28,"lineNumber":273,"columnNumber":15,"asyncCause":null,"asyncCaller":null,"caller":{"filename":"resource://services-settings/Utils.sys.mjs","name":"fetch","sourceId":28,"lineNumber":224,"columnNumber":12,"asyncCause":null,"asyncCaller":null,"caller":{"filename":"resource://services-settings/Attachments.sys.mjs","name":"_fetchAttachment","sourceId":27,"lineNumber":560,"columnNumber":35,"asyncCause":null,"asyncCaller":null,"caller":{"filename":"resource://services-settings/Attachments.sys.mjs","name":"downloadAsBytes","sourceId":27,"lineNumber":537,"columnNumber":35,"asyncCause":null,"asyncCaller":null,"caller":null,"formattedStack":"downloadAsBytes@resource://services-settings/Attachments.sys.mjs:537:35\n","nativeSavedFrame":{}},"formattedStack":"_fetchAttachment@resource://services-settings/Attachments.sys.mjs:560:35\ndownloadAsBytes@resource://services-settings/Attachments.sys.mjs:537:35\n","nativeSavedFrame":{}},"formattedStack":"fetch@resource://services-settings/Utils.sys.mjs:224:12\n_fetchAttachment@resource://services-settings/Attachments.sys.mjs:560:35\ndownloadAsBytes@resource://services-settings/Attachments.sys.mjs:537:35\n","nativeSavedFrame":{}},"formattedStack":"fetch/<@resource://services-settings/Utils.sys.mjs:273:15\nfetch@resource://services-settings/Utils.sys.mjs:224:12\n_fetchAttachment@resource://services-settings/Attachments.sys.mjs:560:35\ndownloadAsBytes@resource://services-settings/Attachments.sys.mjs:537:35\n","nativeSavedFrame":{}},"formattedStack":"open@resource://gre/modules/ServiceRequest.sys.mjs:126:11\nfetch/<@resource://services-settings/Utils.sys.mjs:273:15\nfetch@resource://services-settings/Utils.sys.mjs:224:12\n_fetchAttachment@resource://services-settings/Attachments.sys.mjs:560:35\ndownloadAsBytes@resource://services-settings/Attachments.sys.mjs:537:35\n","nativeSavedFrame":{}}
    - message = 
    - name = 
    - result = 2152071198
    - stack = open@resource://gre/modules/ServiceRequest.sys.mjs:126:11|fetch/<@resource://services-settings/Utils.sys.mjs:273:15|fetch@resource://services-settings/Utils.sys.mjs:224:12|_fetchAttachment@resource://services-settings/Attachments.sys.mjs:560:35|downloadAsBytes@resource://services-settings/Attachments.sys.mjs:537:35|
  - prototype Object
console.error: RemoteSecuritySettings: 
  failed to download CRLite filter
Object
  - prototype Object
    - columnNumber = 11
    - data = null
    - filename = resource://gre/modules/ServiceRequest.sys.mjs
    - lineNumber = 126
    - location = {"name":"open","filename":"resource://gre/modules/ServiceRequest.sys.mjs","sourceId":29,"lineNumber":126,"columnNumber":11,"asyncCause":null,"asyncCaller":null,"caller":{"filename":"resource://services-settings/Utils.sys.mjs","name":"fetch/<","sourceId":28,"lineNumber":273,"columnNumber":15,"asyncCause":null,"asyncCaller":null,"caller":{"filename":"resource://services-settings/Utils.sys.mjs","name":"fetch","sourceId":28,"lineNumber":224,"columnNumber":12,"asyncCause":null,"asyncCaller":null,"caller":{"filename":"resource://services-settings/Attachments.sys.mjs","name":"_fetchAttachment","sourceId":27,"lineNumber":560,"columnNumber":35,"asyncCause":null,"asyncCaller":null,"caller":{"filename":"resource://services-settings/Attachments.sys.mjs","name":"downloadAsBytes","sourceId":27,"lineNumber":537,"columnNumber":35,"asyncCause":null,"asyncCaller":null,"caller":null,"formattedStack":"downloadAsBytes@resource://services-settings/Attachments.sys.mjs:537:35\n","nativeSavedFrame":{}},"formattedStack":"_fetchAttachment@resource://services-settings/Attachments.sys.mjs:560:35\ndownloadAsBytes@resource://services-settings/Attachments.sys.mjs:537:35\n","nativeSavedFrame":{}},"formattedStack":"fetch@resource://services-settings/Utils.sys.mjs:224:12\n_fetchAttachment@resource://services-settings/Attachments.sys.mjs:560:35\ndownloadAsBytes@resource://services-settings/Attachments.sys.mjs:537:35\n","nativeSavedFrame":{}},"formattedStack":"fetch/<@resource://services-settings/Utils.sys.mjs:273:15\nfetch@resource://services-settings/Utils.sys.mjs:224:12\n_fetchAttachment@resource://services-settings/Attachments.sys.mjs:560:35\ndownloadAsBytes@resource://services-settings/Attachments.sys.mjs:537:35\n","nativeSavedFrame":{}},"formattedStack":"open@resource://gre/modules/ServiceRequest.sys.mjs:126:11\nfetch/<@resource://services-settings/Utils.sys.mjs:273:15\nfetch@resource://services-settings/Utils.sys.mjs:224:12\n_fetchAttachment@resource://services-settings/Attachments.sys.mjs:560:35\ndownloadAsBytes@resource://services-settings/Attachments.sys.mjs:537:35\n","nativeSavedFrame":{}}
    - message = 
    - name = 
    - result = 2152071198
    - stack = open@resource://gre/modules/ServiceRequest.sys.mjs:126:11|fetch/<@resource://services-settings/Utils.sys.mjs:273:15|fetch@resource://services-settings/Utils.sys.mjs:224:12|_fetchAttachment@resource://services-settings/Attachments.sys.mjs:560:35|downloadAsBytes@resource://services-settings/Attachments.sys.mjs:537:35|
  - prototype Object
console.error: RemoteSecuritySettings: 
  failed to download CRLite filter
Object
  - prototype Object
    - columnNumber = 11
    - data = null
    - filename = resource://gre/modules/ServiceRequest.sys.mjs
    - lineNumber = 126
    - location = {"name":"open","filename":"resource://gre/modules/ServiceRequest.sys.mjs","sourceId":29,"lineNumber":126,"columnNumber":11,"asyncCause":null,"asyncCaller":null,"caller":{"filename":"resource://services-settings/Utils.sys.mjs","name":"fetch/<","sourceId":28,"lineNumber":273,"columnNumber":15,"asyncCause":null,"asyncCaller":null,"caller":{"filename":"resource://services-settings/Utils.sys.mjs","name":"fetch","sourceId":28,"lineNumber":224,"columnNumber":12,"asyncCause":null,"asyncCaller":null,"caller":{"filename":"resource://services-settings/Attachments.sys.mjs","name":"_fetchAttachment","sourceId":27,"lineNumber":560,"columnNumber":35,"asyncCause":null,"asyncCaller":null,"caller":{"filename":"resource://services-settings/Attachments.sys.mjs","name":"downloadAsBytes","sourceId":27,"lineNumber":537,"columnNumber":35,"asyncCause":null,"asyncCaller":null,"caller":null,"formattedStack":"downloadAsBytes@resource://services-settings/Attachments.sys.mjs:537:35\n","nativeSavedFrame":{}},"formattedStack":"_fetchAttachment@resource://services-settings/Attachments.sys.mjs:560:35\ndownloadAsBytes@resource://services-settings/Attachments.sys.mjs:537:35\n","nativeSavedFrame":{}},"formattedStack":"fetch@resource://services-settings/Utils.sys.mjs:224:12\n_fetchAttachment@resource://services-settings/Attachments.sys.mjs:560:35\ndownloadAsBytes@resource://services-settings/Attachments.sys.mjs:537:35\n","nativeSavedFrame":{}},"formattedStack":"fetch/<@resource://services-settings/Utils.sys.mjs:273:15\nfetch@resource://services-settings/Utils.sys.mjs:224:12\n_fetchAttachment@resource://services-settings/Attachments.sys.mjs:560:35\ndownloadAsBytes@resource://services-settings/Attachments.sys.mjs:537:35\n","nativeSavedFrame":{}},"formattedStack":"open@resource://gre/modules/ServiceRequest.sys.mjs:126:11\nfetch/<@resource://services-settings/Utils.sys.mjs:273:15\nfetch@resource://services-settings/Utils.sys.mjs:224:12\n_fetchAttachment@resource://services-settings/Attachments.sys.mjs:560:35\ndownloadAsBytes@resource://services-settings/Attachments.sys.mjs:537:35\n","nativeSavedFrame":{}}
    - message = 
    - name = 
    - result = 2152071198
    - stack = open@resource://gre/modules/ServiceRequest.sys.mjs:126:11|fetch/<@resource://services-settings/Utils.sys.mjs:273:15|fetch@resource://services-settings/Utils.sys.mjs:224:12|_fetchAttachment@resource://services-settings/Attachments.sys.mjs:560:35|downloadAsBytes@resource://services-settings/Attachments.sys.mjs:537:35|
  - prototype Object
console.error: RemoteSecuritySettings: 
  failed to download CRLite filter
Object
  - prototype Object
    - columnNumber = 11
    - data = null
    - filename = resource://gre/modules/ServiceRequest.sys.mjs
    - lineNumber = 126
    - location = {"name":"open","filename":"resource://gre/modules/ServiceRequest.sys.mjs","sourceId":29,"lineNumber":126,"columnNumber":11,"asyncCause":null,"asyncCaller":null,"caller":{"filename":"resource://services-settings/Utils.sys.mjs","name":"fetch/<","sourceId":28,"lineNumber":273,"columnNumber":15,"asyncCause":null,"asyncCaller":null,"caller":{"filename":"resource://services-settings/Utils.sys.mjs","name":"fetch","sourceId":28,"lineNumber":224,"columnNumber":12,"asyncCause":null,"asyncCaller":null,"caller":{"filename":"resource://services-settings/Attachments.sys.mjs","name":"_fetchAttachment","sourceId":27,"lineNumber":560,"columnNumber":35,"asyncCause":null,"asyncCaller":null,"caller":{"filename":"resource://services-settings/Attachments.sys.mjs","name":"downloadAsBytes","sourceId":27,"lineNumber":537,"columnNumber":35,"asyncCause":null,"asyncCaller":null,"caller":null,"formattedStack":"downloadAsBytes@resource://services-settings/Attachments.sys.mjs:537:35\n","nativeSavedFrame":{}},"formattedStack":"_fetchAttachment@resource://services-settings/Attachments.sys.mjs:560:35\ndownloadAsBytes@resource://services-settings/Attachments.sys.mjs:537:35\n","nativeSavedFrame":{}},"formattedStack":"fetch@resource://services-settings/Utils.sys.mjs:224:12\n_fetchAttachment@resource://services-settings/Attachments.sys.mjs:560:35\ndownloadAsBytes@resource://services-settings/Attachments.sys.mjs:537:35\n","nativeSavedFrame":{}},"formattedStack":"fetch/<@resource://services-settings/Utils.sys.mjs:273:15\nfetch@resource://services-settings/Utils.sys.mjs:224:12\n_fetchAttachment@resource://services-settings/Attachments.sys.mjs:560:35\ndownloadAsBytes@resource://services-settings/Attachments.sys.mjs:537:35\n","nativeSavedFrame":{}},"formattedStack":"open@resource://gre/modules/ServiceRequest.sys.mjs:126:11\nfetch/<@resource://services-settings/Utils.sys.mjs:273:15\nfetch@resource://services-settings/Utils.sys.mjs:224:12\n_fetchAttachment@resource://services-settings/Attachments.sys.mjs:560:35\ndownloadAsBytes@resource://services-settings/Attachments.sys.mjs:537:35\n","nativeSavedFrame":{}}
    - message = 
    - name = 
    - result = 2152071198
    - stack = open@resource://gre/modules/ServiceRequest.sys.mjs:126:11|fetch/<@resource://services-settings/Utils.sys.mjs:273:15|fetch@resource://services-settings/Utils.sys.mjs:224:12|_fetchAttachment@resource://services-settings/Attachments.sys.mjs:560:35|downloadAsBytes@resource://services-settings/Attachments.sys.mjs:537:35|
  - prototype Object
console.error: RemoteSecuritySettings: 
  failed to download CRLite filter
Object
  - prototype Object
    - columnNumber = 11
    - data = null
    - filename = resource://gre/modules/ServiceRequest.sys.mjs
    - lineNumber = 126
    - location = {"name":"open","filename":"resource://gre/modules/ServiceRequest.sys.mjs","sourceId":29,"lineNumber":126,"columnNumber":11,"asyncCause":null,"asyncCaller":null,"caller":{"filename":"resource://services-settings/Utils.sys.mjs","name":"fetch/<","sourceId":28,"lineNumber":273,"columnNumber":15,"asyncCause":null,"asyncCaller":null,"caller":{"filename":"resource://services-settings/Utils.sys.mjs","name":"fetch","sourceId":28,"lineNumber":224,"columnNumber":12,"asyncCause":null,"asyncCaller":null,"caller":{"filename":"resource://services-settings/Attachments.sys.mjs","name":"_fetchAttachment","sourceId":27,"lineNumber":560,"columnNumber":35,"asyncCause":null,"asyncCaller":null,"caller":{"filename":"resource://services-settings/Attachments.sys.mjs","name":"downloadAsBytes","sourceId":27,"lineNumber":537,"columnNumber":35,"asyncCause":null,"asyncCaller":null,"caller":null,"formattedStack":"downloadAsBytes@resource://services-settings/Attachments.sys.mjs:537:35\n","nativeSavedFrame":{}},"formattedStack":"_fetchAttachment@resource://services-settings/Attachments.sys.mjs:560:35\ndownloadAsBytes@resource://services-settings/Attachments.sys.mjs:537:35\n","nativeSavedFrame":{}},"formattedStack":"fetch@resource://services-settings/Utils.sys.mjs:224:12\n_fetchAttachment@resource://services-settings/Attachments.sys.mjs:560:35\ndownloadAsBytes@resource://services-settings/Attachments.sys.mjs:537:35\n","nativeSavedFrame":{}},"formattedStack":"fetch/<@resource://services-settings/Utils.sys.mjs:273:15\nfetch@resource://services-settings/Utils.sys.mjs:224:12\n_fetchAttachment@resource://services-settings/Attachments.sys.mjs:560:35\ndownloadAsBytes@resource://services-settings/Attachments.sys.mjs:537:35\n","nativeSavedFrame":{}},"formattedStack":"open@resource://gre/modules/ServiceRequest.sys.mjs:126:11\nfetch/<@resource://services-settings/Utils.sys.mjs:273:15\nfetch@resource://services-settings/Utils.sys.mjs:224:12\n_fetchAttachment@resource://services-settings/Attachments.sys.mjs:560:35\ndownloadAsBytes@resource://services-settings/Attachments.sys.mjs:537:35\n","nativeSavedFrame":{}}
    - message = 
    - name = 
    - result = 2152071198
    - stack = open@resource://gre/modules/ServiceRequest.sys.mjs:126:11|fetch/<@resource://services-settings/Utils.sys.mjs:273:15|fetch@resource://services-settings/Utils.sys.mjs:224:12|_fetchAttachment@resource://services-settings/Attachments.sys.mjs:560:35|downloadAsBytes@resource://services-settings/Attachments.sys.mjs:537:35|
  - prototype Object
console.error: RemoteSecuritySettings: 
  failed to download CRLite filter
Object
  - prototype Object
    - columnNumber = 11
    - data = null
    - filename = resource://gre/modules/ServiceRequest.sys.mjs
    - lineNumber = 126
    - location = {"name":"open","filename":"resource://gre/modules/ServiceRequest.sys.mjs","sourceId":29,"lineNumber":126,"columnNumber":11,"asyncCause":null,"asyncCaller":null,"caller":{"filename":"resource://services-settings/Utils.sys.mjs","name":"fetch/<","sourceId":28,"lineNumber":273,"columnNumber":15,"asyncCause":null,"asyncCaller":null,"caller":{"filename":"resource://services-settings/Utils.sys.mjs","name":"fetch","sourceId":28,"lineNumber":224,"columnNumber":12,"asyncCause":null,"asyncCaller":null,"caller":{"filename":"resource://services-settings/Attachments.sys.mjs","name":"_fetchAttachment","sourceId":27,"lineNumber":560,"columnNumber":35,"asyncCause":null,"asyncCaller":null,"caller":{"filename":"resource://services-settings/Attachments.sys.mjs","name":"downloadAsBytes","sourceId":27,"lineNumber":537,"columnNumber":35,"asyncCause":null,"asyncCaller":null,"caller":null,"formattedStack":"downloadAsBytes@resource://services-settings/Attachments.sys.mjs:537:35\n","nativeSavedFrame":{}},"formattedStack":"_fetchAttachment@resource://services-settings/Attachments.sys.mjs:560:35\ndownloadAsBytes@resource://services-settings/Attachments.sys.mjs:537:35\n","nativeSavedFrame":{}},"formattedStack":"fetch@resource://services-settings/Utils.sys.mjs:224:12\n_fetchAttachment@resource://services-settings/Attachments.sys.mjs:560:35\ndownloadAsBytes@resource://services-settings/Attachments.sys.mjs:537:35\n","nativeSavedFrame":{}},"formattedStack":"fetch/<@resource://services-settings/Utils.sys.mjs:273:15\nfetch@resource://services-settings/Utils.sys.mjs:224:12\n_fetchAttachment@resource://services-settings/Attachments.sys.mjs:560:35\ndownloadAsBytes@resource://services-settings/Attachments.sys.mjs:537:35\n","nativeSavedFrame":{}},"formattedStack":"open@resource://gre/modules/ServiceRequest.sys.mjs:126:11\nfetch/<@resource://services-settings/Utils.sys.mjs:273:15\nfetch@resource://services-settings/Utils.sys.mjs:224:12\n_fetchAttachment@resource://services-settings/Attachments.sys.mjs:560:35\ndownloadAsBytes@resource://services-settings/Attachments.sys.mjs:537:35\n","nativeSavedFrame":{}}
    - message = 
    - name = 
    - result = 2152071198
    - stack = open@resource://gre/modules/ServiceRequest.sys.mjs:126:11|fetch/<@resource://services-settings/Utils.sys.mjs:273:15|fetch@resource://services-settings/Utils.sys.mjs:224:12|_fetchAttachment@resource://services-settings/Attachments.sys.mjs:560:35|downloadAsBytes@resource://services-settings/Attachments.sys.mjs:537:35|
  - prototype Object
console.error: RemoteSecuritySettings: 
  failed to download CRLite filter
Object
  - prototype Object
    - columnNumber = 11
    - data = null
    - filename = resource://gre/modules/ServiceRequest.sys.mjs
    - lineNumber = 126
    - location = {"name":"open","filename":"resource://gre/modules/ServiceRequest.sys.mjs","sourceId":29,"lineNumber":126,"columnNumber":11,"asyncCause":null,"asyncCaller":null,"caller":{"filename":"resource://services-settings/Utils.sys.mjs","name":"fetch/<","sourceId":28,"lineNumber":273,"columnNumber":15,"asyncCause":null,"asyncCaller":null,"caller":{"filename":"resource://services-settings/Utils.sys.mjs","name":"fetch","sourceId":28,"lineNumber":224,"columnNumber":12,"asyncCause":null,"asyncCaller":null,"caller":{"filename":"resource://services-settings/Attachments.sys.mjs","name":"_fetchAttachment","sourceId":27,"lineNumber":560,"columnNumber":35,"asyncCause":null,"asyncCaller":null,"caller":{"filename":"resource://services-settings/Attachments.sys.mjs","name":"downloadAsBytes","sourceId":27,"lineNumber":537,"columnNumber":35,"asyncCause":null,"asyncCaller":null,"caller":null,"formattedStack":"downloadAsBytes@resource://services-settings/Attachments.sys.mjs:537:35\n","nativeSavedFrame":{}},"formattedStack":"_fetchAttachment@resource://services-settings/Attachments.sys.mjs:560:35\ndownloadAsBytes@resource://services-settings/Attachments.sys.mjs:537:35\n","nativeSavedFrame":{}},"formattedStack":"fetch@resource://services-settings/Utils.sys.mjs:224:12\n_fetchAttachment@resource://services-settings/Attachments.sys.mjs:560:35\ndownloadAsBytes@resource://services-settings/Attachments.sys.mjs:537:35\n","nativeSavedFrame":{}},"formattedStack":"fetch/<@resource://services-settings/Utils.sys.mjs:273:15\nfetch@resource://services-settings/Utils.sys.mjs:224:12\n_fetchAttachment@resource://services-settings/Attachments.sys.mjs:560:35\ndownloadAsBytes@resource://services-settings/Attachments.sys.mjs:537:35\n","nativeSavedFrame":{}},"formattedStack":"open@resource://gre/modules/ServiceRequest.sys.mjs:126:11\nfetch/<@resource://services-settings/Utils.sys.mjs:273:15\nfetch@resource://services-settings/Utils.sys.mjs:224:12\n_fetchAttachment@resource://services-settings/Attachments.sys.mjs:560:35\ndownloadAsBytes@resource://services-settings/Attachments.sys.mjs:537:35\n","nativeSavedFrame":{}}
    - message = 
    - name = 
    - result = 2152071198
    - stack = open@resource://gre/modules/ServiceRequest.sys.mjs:126:11|fetch/<@resource://services-settings/Utils.sys.mjs:273:15|fetch@resource://services-settings/Utils.sys.mjs:224:12|_fetchAttachment@resource://services-settings/Attachments.sys.mjs:560:35|downloadAsBytes@resource://services-settings/Attachments.sys.mjs:537:35|
  - prototype Object
console.error: RemoteSecuritySettings: 
  failed to download CRLite filter
Object
  - prototype Object
    - columnNumber = 11
    - data = null
    - filename = resource://gre/modules/ServiceRequest.sys.mjs
    - lineNumber = 126
    - location = {"name":"open","filename":"resource://gre/modules/ServiceRequest.sys.mjs","sourceId":29,"lineNumber":126,"columnNumber":11,"asyncCause":null,"asyncCaller":null,"caller":{"filename":"resource://services-settings/Utils.sys.mjs","name":"fetch/<","sourceId":28,"lineNumber":273,"columnNumber":15,"asyncCause":null,"asyncCaller":null,"caller":{"filename":"resource://services-settings/Utils.sys.mjs","name":"fetch","sourceId":28,"lineNumber":224,"columnNumber":12,"asyncCause":null,"asyncCaller":null,"caller":{"filename":"resource://services-settings/Attachments.sys.mjs","name":"_fetchAttachment","sourceId":27,"lineNumber":560,"columnNumber":35,"asyncCause":null,"asyncCaller":null,"caller":{"filename":"resource://services-settings/Attachments.sys.mjs","name":"downloadAsBytes","sourceId":27,"lineNumber":537,"columnNumber":35,"asyncCause":null,"asyncCaller":null,"caller":null,"formattedStack":"downloadAsBytes@resource://services-settings/Attachments.sys.mjs:537:35\n","nativeSavedFrame":{}},"formattedStack":"_fetchAttachment@resource://services-settings/Attachments.sys.mjs:560:35\ndownloadAsBytes@resource://services-settings/Attachments.sys.mjs:537:35\n","nativeSavedFrame":{}},"formattedStack":"fetch@resource://services-settings/Utils.sys.mjs:224:12\n_fetchAttachment@resource://services-settings/Attachments.sys.mjs:560:35\ndownloadAsBytes@resource://services-settings/Attachments.sys.mjs:537:35\n","nativeSavedFrame":{}},"formattedStack":"fetch/<@resource://services-settings/Utils.sys.mjs:273:15\nfetch@resource://services-settings/Utils.sys.mjs:224:12\n_fetchAttachment@resource://services-settings/Attachments.sys.mjs:560:35\ndownloadAsBytes@resource://services-settings/Attachments.sys.mjs:537:35\n","nativeSavedFrame":{}},"formattedStack":"open@resource://gre/modules/ServiceRequest.sys.mjs:126:11\nfetch/<@resource://services-settings/Utils.sys.mjs:273:15\nfetch@resource://services-settings/Utils.sys.mjs:224:12\n_fetchAttachment@resource://services-settings/Attachments.sys.mjs:560:35\ndownloadAsBytes@resource://services-settings/Attachments.sys.mjs:537:35\n","nativeSavedFrame":{}}
    - message = 
    - name = 
    - result = 2152071198
    - stack = open@resource://gre/modules/ServiceRequest.sys.mjs:126:11|fetch/<@resource://services-settings/Utils.sys.mjs:273:15|fetch@resource://services-settings/Utils.sys.mjs:224:12|_fetchAttachment@resource://services-settings/Attachments.sys.mjs:560:35|downloadAsBytes@resource://services-settings/Attachments.sys.mjs:537:35|
  - prototype Object
console.error: RemoteSecuritySettings: 
  failed to download CRLite filter
Object
  - prototype Object
    - columnNumber = 11
    - data = null
    - filename = resource://gre/modules/ServiceRequest.sys.mjs
    - lineNumber = 126
    - location = {"name":"open","filename":"resource://gre/modules/ServiceRequest.sys.mjs","sourceId":29,"lineNumber":126,"columnNumber":11,"asyncCause":null,"asyncCaller":null,"caller":{"filename":"resource://services-settings/Utils.sys.mjs","name":"fetch/<","sourceId":28,"lineNumber":273,"columnNumber":15,"asyncCause":null,"asyncCaller":null,"caller":{"filename":"resource://services-settings/Utils.sys.mjs","name":"fetch","sourceId":28,"lineNumber":224,"columnNumber":12,"asyncCause":null,"asyncCaller":null,"caller":{"filename":"resource://services-settings/Attachments.sys.mjs","name":"_fetchAttachment","sourceId":27,"lineNumber":560,"columnNumber":35,"asyncCause":null,"asyncCaller":null,"caller":{"filename":"resource://services-settings/Attachments.sys.mjs","name":"downloadAsBytes","sourceId":27,"lineNumber":537,"columnNumber":35,"asyncCause":null,"asyncCaller":null,"caller":null,"formattedStack":"downloadAsBytes@resource://services-settings/Attachments.sys.mjs:537:35\n","nativeSavedFrame":{}},"formattedStack":"_fetchAttachment@resource://services-settings/Attachments.sys.mjs:560:35\ndownloadAsBytes@resource://services-settings/Attachments.sys.mjs:537:35\n","nativeSavedFrame":{}},"formattedStack":"fetch@resource://services-settings/Utils.sys.mjs:224:12\n_fetchAttachment@resource://services-settings/Attachments.sys.mjs:560:35\ndownloadAsBytes@resource://services-settings/Attachments.sys.mjs:537:35\n","nativeSavedFrame":{}},"formattedStack":"fetch/<@resource://services-settings/Utils.sys.mjs:273:15\nfetch@resource://services-settings/Utils.sys.mjs:224:12\n_fetchAttachment@resource://services-settings/Attachments.sys.mjs:560:35\ndownloadAsBytes@resource://services-settings/Attachments.sys.mjs:537:35\n","nativeSavedFrame":{}},"formattedStack":"open@resource://gre/modules/ServiceRequest.sys.mjs:126:11\nfetch/<@resource://services-settings/Utils.sys.mjs:273:15\nfetch@resource://services-settings/Utils.sys.mjs:224:12\n_fetchAttachment@resource://services-settings/Attachments.sys.mjs:560:35\ndownloadAsBytes@resource://services-settings/Attachments.sys.mjs:537:35\n","nativeSavedFrame":{}}
    - message = 
    - name = 
    - result = 2152071198
    - stack = open@resource://gre/modules/ServiceRequest.sys.mjs:126:11|fetch/<@resource://services-settings/Utils.sys.mjs:273:15|fetch@resource://services-settings/Utils.sys.mjs:224:12|_fetchAttachment@resource://services-settings/Attachments.sys.mjs:560:35|downloadAsBytes@resource://services-settings/Attachments.sys.mjs:537:35|
  - prototype Object
console.error: RemoteSecuritySettings: 
  failed to download CRLite filter
Object
  - prototype Object
    - columnNumber = 11
    - data = null
    - filename = resource://gre/modules/ServiceRequest.sys.mjs
    - lineNumber = 126
    - location = {"name":"open","filename":"resource://gre/modules/ServiceRequest.sys.mjs","sourceId":29,"lineNumber":126,"columnNumber":11,"asyncCause":null,"asyncCaller":null,"caller":{"filename":"resource://services-settings/Utils.sys.mjs","name":"fetch/<","sourceId":28,"lineNumber":273,"columnNumber":15,"asyncCause":null,"asyncCaller":null,"caller":{"filename":"resource://services-settings/Utils.sys.mjs","name":"fetch","sourceId":28,"lineNumber":224,"columnNumber":12,"asyncCause":null,"asyncCaller":null,"caller":{"filename":"resource://services-settings/Attachments.sys.mjs","name":"_fetchAttachment","sourceId":27,"lineNumber":560,"columnNumber":35,"asyncCause":null,"asyncCaller":null,"caller":{"filename":"resource://services-settings/Attachments.sys.mjs","name":"downloadAsBytes","sourceId":27,"lineNumber":537,"columnNumber":35,"asyncCause":null,"asyncCaller":null,"caller":null,"formattedStack":"downloadAsBytes@resource://services-settings/Attachments.sys.mjs:537:35\n","nativeSavedFrame":{}},"formattedStack":"_fetchAttachment@resource://services-settings/Attachments.sys.mjs:560:35\ndownloadAsBytes@resource://services-settings/Attachments.sys.mjs:537:35\n","nativeSavedFrame":{}},"formattedStack":"fetch@resource://services-settings/Utils.sys.mjs:224:12\n_fetchAttachment@resource://services-settings/Attachments.sys.mjs:560:35\ndownloadAsBytes@resource://services-settings/Attachments.sys.mjs:537:35\n","nativeSavedFrame":{}},"formattedStack":"fetch/<@resource://services-settings/Utils.sys.mjs:273:15\nfetch@resource://services-settings/Utils.sys.mjs:224:12\n_fetchAttachment@resource://services-settings/Attachments.sys.mjs:560:35\ndownloadAsBytes@resource://services-settings/Attachments.sys.mjs:537:35\n","nativeSavedFrame":{}},"formattedStack":"open@resource://gre/modules/ServiceRequest.sys.mjs:126:11\nfetch/<@resource://services-settings/Utils.sys.mjs:273:15\nfetch@resource://services-settings/Utils.sys.mjs:224:12\n_fetchAttachment@resource://services-settings/Attachments.sys.mjs:560:35\ndownloadAsBytes@resource://services-settings/Attachments.sys.mjs:537:35\n","nativeSavedFrame":{}}
    - message = 
    - name = 
    - result = 2152071198
    - stack = open@resource://gre/modules/ServiceRequest.sys.mjs:126:11|fetch/<@resource://services-settings/Utils.sys.mjs:273:15|fetch@resource://services-settings/Utils.sys.mjs:224:12|_fetchAttachment@resource://services-settings/Attachments.sys.mjs:560:35|downloadAsBytes@resource://services-settings/Attachments.sys.mjs:537:35|
  - prototype Object
console.error: RemoteSecuritySettings: 
  failed to download CRLite filter
Object
  - prototype Object
    - columnNumber = 11
    - data = null
    - filename = resource://gre/modules/ServiceRequest.sys.mjs
    - lineNumber = 126
    - location = {"name":"open","filename":"resource://gre/modules/ServiceRequest.sys.mjs","sourceId":29,"lineNumber":126,"columnNumber":11,"asyncCause":null,"asyncCaller":null,"caller":{"filename":"resource://services-settings/Utils.sys.mjs","name":"fetch/<","sourceId":28,"lineNumber":273,"columnNumber":15,"asyncCause":null,"asyncCaller":null,"caller":{"filename":"resource://services-settings/Utils.sys.mjs","name":"fetch","sourceId":28,"lineNumber":224,"columnNumber":12,"asyncCause":null,"asyncCaller":null,"caller":{"filename":"resource://services-settings/Attachments.sys.mjs","name":"_fetchAttachment","sourceId":27,"lineNumber":560,"columnNumber":35,"asyncCause":null,"asyncCaller":null,"caller":{"filename":"resource://services-settings/Attachments.sys.mjs","name":"downloadAsBytes","sourceId":27,"lineNumber":537,"columnNumber":35,"asyncCause":null,"asyncCaller":null,"caller":null,"formattedStack":"downloadAsBytes@resource://services-settings/Attachments.sys.mjs:537:35\n","nativeSavedFrame":{}},"formattedStack":"_fetchAttachment@resource://services-settings/Attachments.sys.mjs:560:35\ndownloadAsBytes@resource://services-settings/Attachments.sys.mjs:537:35\n","nativeSavedFrame":{}},"formattedStack":"fetch@resource://services-settings/Utils.sys.mjs:224:12\n_fetchAttachment@resource://services-settings/Attachments.sys.mjs:560:35\ndownloadAsBytes@resource://services-settings/Attachments.sys.mjs:537:35\n","nativeSavedFrame":{}},"formattedStack":"fetch/<@resource://services-settings/Utils.sys.mjs:273:15\nfetch@resource://services-settings/Utils.sys.mjs:224:12\n_fetchAttachment@resource://services-settings/Attachments.sys.mjs:560:35\ndownloadAsBytes@resource://services-settings/Attachments.sys.mjs:537:35\n","nativeSavedFrame":{}},"formattedStack":"open@resource://gre/modules/ServiceRequest.sys.mjs:126:11\nfetch/<@resource://services-settings/Utils.sys.mjs:273:15\nfetch@resource://services-settings/Utils.sys.mjs:224:12\n_fetchAttachment@resource://services-settings/Attachments.sys.mjs:560:35\ndownloadAsBytes@resource://services-settings/Attachments.sys.mjs:537:35\n","nativeSavedFrame":{}}
    - message = 
    - name = 
    - result = 2152071198
    - stack = open@resource://gre/modules/ServiceRequest.sys.mjs:126:11|fetch/<@resource://services-settings/Utils.sys.mjs:273:15|fetch@resource://services-settings/Utils.sys.mjs:224:12|_fetchAttachment@resource://services-settings/Attachments.sys.mjs:560:35|downloadAsBytes@resource://services-settings/Attachments.sys.mjs:537:35|
  - prototype Object
console.error: RemoteSecuritySettings: 
  failed to download CRLite filter
Object
  - prototype Object
    - columnNumber = 11
    - data = null
    - filename = resource://gre/modules/ServiceRequest.sys.mjs
    - lineNumber = 126
    - location = {"name":"open","filename":"resource://gre/modules/ServiceRequest.sys.mjs","sourceId":29,"lineNumber":126,"columnNumber":11,"asyncCause":null,"asyncCaller":null,"caller":{"filename":"resource://services-settings/Utils.sys.mjs","name":"fetch/<","sourceId":28,"lineNumber":273,"columnNumber":15,"asyncCause":null,"asyncCaller":null,"caller":{"filename":"resource://services-settings/Utils.sys.mjs","name":"fetch","sourceId":28,"lineNumber":224,"columnNumber":12,"asyncCause":null,"asyncCaller":null,"caller":{"filename":"resource://services-settings/Attachments.sys.mjs","name":"_fetchAttachment","sourceId":27,"lineNumber":560,"columnNumber":35,"asyncCause":null,"asyncCaller":null,"caller":{"filename":"resource://services-settings/Attachments.sys.mjs","name":"downloadAsBytes","sourceId":27,"lineNumber":537,"columnNumber":35,"asyncCause":null,"asyncCaller":null,"caller":null,"formattedStack":"downloadAsBytes@resource://services-settings/Attachments.sys.mjs:537:35\n","nativeSavedFrame":{}},"formattedStack":"_fetchAttachment@resource://services-settings/Attachments.sys.mjs:560:35\ndownloadAsBytes@resource://services-settings/Attachments.sys.mjs:537:35\n","nativeSavedFrame":{}},"formattedStack":"fetch@resource://services-settings/Utils.sys.mjs:224:12\n_fetchAttachment@resource://services-settings/Attachments.sys.mjs:560:35\ndownloadAsBytes@resource://services-settings/Attachments.sys.mjs:537:35\n","nativeSavedFrame":{}},"formattedStack":"fetch/<@resource://services-settings/Utils.sys.mjs:273:15\nfetch@resource://services-settings/Utils.sys.mjs:224:12\n_fetchAttachment@resource://services-settings/Attachments.sys.mjs:560:35\ndownloadAsBytes@resource://services-settings/Attachments.sys.mjs:537:35\n","nativeSavedFrame":{}},"formattedStack":"open@resource://gre/modules/ServiceRequest.sys.mjs:126:11\nfetch/<@resource://services-settings/Utils.sys.mjs:273:15\nfetch@resource://services-settings/Utils.sys.mjs:224:12\n_fetchAttachment@resource://services-settings/Attachments.sys.mjs:560:35\ndownloadAsBytes@resource://services-settings/Attachments.sys.mjs:537:35\n","nativeSavedFrame":{}}
    - message = 
    - name = 
    - result = 2152071198
    - stack = open@resource://gre/modules/ServiceRequest.sys.mjs:126:11|fetch/<@resource://services-settings/Utils.sys.mjs:273:15|fetch@resource://services-settings/Utils.sys.mjs:224:12|_fetchAttachment@resource://services-settings/Attachments.sys.mjs:560:35|downloadAsBytes@resource://services-settings/Attachments.sys.mjs:537:35|
  - prototype Object
console.error: RemoteSecuritySettings: 
  failed to download CRLite filter
Object
  - prototype Object
    - columnNumber = 11
    - data = null
    - filename = resource://gre/modules/ServiceRequest.sys.mjs
    - lineNumber = 126
    - location = {"name":"open","filename":"resource://gre/modules/ServiceRequest.sys.mjs","sourceId":29,"lineNumber":126,"columnNumber":11,"asyncCause":null,"asyncCaller":null,"caller":{"filename":"resource://services-settings/Utils.sys.mjs","name":"fetch/<","sourceId":28,"lineNumber":273,"columnNumber":15,"asyncCause":null,"asyncCaller":null,"caller":{"filename":"resource://services-settings/Utils.sys.mjs","name":"fetch","sourceId":28,"lineNumber":224,"columnNumber":12,"asyncCause":null,"asyncCaller":null,"caller":{"filename":"resource://services-settings/Attachments.sys.mjs","name":"_fetchAttachment","sourceId":27,"lineNumber":560,"columnNumber":35,"asyncCause":null,"asyncCaller":null,"caller":{"filename":"resource://services-settings/Attachments.sys.mjs","name":"downloadAsBytes","sourceId":27,"lineNumber":537,"columnNumber":35,"asyncCause":null,"asyncCaller":null,"caller":null,"formattedStack":"downloadAsBytes@resource://services-settings/Attachments.sys.mjs:537:35\n","nativeSavedFrame":{}},"formattedStack":"_fetchAttachment@resource://services-settings/Attachments.sys.mjs:560:35\ndownloadAsBytes@resource://services-settings/Attachments.sys.mjs:537:35\n","nativeSavedFrame":{}},"formattedStack":"fetch@resource://services-settings/Utils.sys.mjs:224:12\n_fetchAttachment@resource://services-settings/Attachments.sys.mjs:560:35\ndownloadAsBytes@resource://services-settings/Attachments.sys.mjs:537:35\n","nativeSavedFrame":{}},"formattedStack":"fetch/<@resource://services-settings/Utils.sys.mjs:273:15\nfetch@resource://services-settings/Utils.sys.mjs:224:12\n_fetchAttachment@resource://services-settings/Attachments.sys.mjs:560:35\ndownloadAsBytes@resource://services-settings/Attachments.sys.mjs:537:35\n","nativeSavedFrame":{}},"formattedStack":"open@resource://gre/modules/ServiceRequest.sys.mjs:126:11\nfetch/<@resource://services-settings/Utils.sys.mjs:273:15\nfetch@resource://services-settings/Utils.sys.mjs:224:12\n_fetchAttachment@resource://services-settings/Attachments.sys.mjs:560:35\ndownloadAsBytes@resource://services-settings/Attachments.sys.mjs:537:35\n","nativeSavedFrame":{}}
    - message = 
    - name = 
    - result = 2152071198
    - stack = open@resource://gre/modules/ServiceRequest.sys.mjs:126:11|fetch/<@resource://services-settings/Utils.sys.mjs:273:15|fetch@resource://services-settings/Utils.sys.mjs:224:12|_fetchAttachment@resource://services-settings/Attachments.sys.mjs:560:35|downloadAsBytes@resource://services-settings/Attachments.sys.mjs:537:35|
  - prototype Object
console.error: RemoteSecuritySettings: 
  failed to download CRLite filter
Object
  - prototype Object
    - columnNumber = 11
    - data = null
    - filename = resource://gre/modules/ServiceRequest.sys.mjs
    - lineNumber = 126
    - location = {"name":"open","filename":"resource://gre/modules/ServiceRequest.sys.mjs","sourceId":29,"lineNumber":126,"columnNumber":11,"asyncCause":null,"asyncCaller":null,"caller":{"filename":"resource://services-settings/Utils.sys.mjs","name":"fetch/<","sourceId":28,"lineNumber":273,"columnNumber":15,"asyncCause":null,"asyncCaller":null,"caller":{"filename":"resource://services-settings/Utils.sys.mjs","name":"fetch","sourceId":28,"lineNumber":224,"columnNumber":12,"asyncCause":null,"asyncCaller":null,"caller":{"filename":"resource://services-settings/Attachments.sys.mjs","name":"_fetchAttachment","sourceId":27,"lineNumber":560,"columnNumber":35,"asyncCause":null,"asyncCaller":null,"caller":{"filename":"resource://services-settings/Attachments.sys.mjs","name":"downloadAsBytes","sourceId":27,"lineNumber":537,"columnNumber":35,"asyncCause":null,"asyncCaller":null,"caller":null,"formattedStack":"downloadAsBytes@resource://services-settings/Attachments.sys.mjs:537:35\n","nativeSavedFrame":{}},"formattedStack":"_fetchAttachment@resource://services-settings/Attachments.sys.mjs:560:35\ndownloadAsBytes@resource://services-settings/Attachments.sys.mjs:537:35\n","nativeSavedFrame":{}},"formattedStack":"fetch@resource://services-settings/Utils.sys.mjs:224:12\n_fetchAttachment@resource://services-settings/Attachments.sys.mjs:560:35\ndownloadAsBytes@resource://services-settings/Attachments.sys.mjs:537:35\n","nativeSavedFrame":{}},"formattedStack":"fetch/<@resource://services-settings/Utils.sys.mjs:273:15\nfetch@resource://services-settings/Utils.sys.mjs:224:12\n_fetchAttachment@resource://services-settings/Attachments.sys.mjs:560:35\ndownloadAsBytes@resource://services-settings/Attachments.sys.mjs:537:35\n","nativeSavedFrame":{}},"formattedStack":"open@resource://gre/modules/ServiceRequest.sys.mjs:126:11\nfetch/<@resource://services-settings/Utils.sys.mjs:273:15\nfetch@resource://services-settings/Utils.sys.mjs:224:12\n_fetchAttachment@resource://services-settings/Attachments.sys.mjs:560:35\ndownloadAsBytes@resource://services-settings/Attachments.sys.mjs:537:35\n","nativeSavedFrame":{}}
    - message = 
    - name = 
    - result = 2152071198
    - stack = open@resource://gre/modules/ServiceRequest.sys.mjs:126:11|fetch/<@resource://services-settings/Utils.sys.mjs:273:15|fetch@resource://services-settings/Utils.sys.mjs:224:12|_fetchAttachment@resource://services-settings/Attachments.sys.mjs:560:35|downloadAsBytes@resource://services-settings/Attachments.sys.mjs:537:35|
  - prototype Object
console.error: RemoteSecuritySettings: 
  failed to download CRLite filter
Object
  - prototype Object
    - columnNumber = 11
    - data = null
    - filename = resource://gre/modules/ServiceRequest.sys.mjs
    - lineNumber = 126
    - location = {"name":"open","filename":"resource://gre/modules/ServiceRequest.sys.mjs","sourceId":29,"lineNumber":126,"columnNumber":11,"asyncCause":null,"asyncCaller":null,"caller":{"filename":"resource://services-settings/Utils.sys.mjs","name":"fetch/<","sourceId":28,"lineNumber":273,"columnNumber":15,"asyncCause":null,"asyncCaller":null,"caller":{"filename":"resource://services-settings/Utils.sys.mjs","name":"fetch","sourceId":28,"lineNumber":224,"columnNumber":12,"asyncCause":null,"asyncCaller":null,"caller":{"filename":"resource://services-settings/Attachments.sys.mjs","name":"_fetchAttachment","sourceId":27,"lineNumber":560,"columnNumber":35,"asyncCause":null,"asyncCaller":null,"caller":{"filename":"resource://services-settings/Attachments.sys.mjs","name":"downloadAsBytes","sourceId":27,"lineNumber":537,"columnNumber":35,"asyncCause":null,"asyncCaller":null,"caller":null,"formattedStack":"downloadAsBytes@resource://services-settings/Attachments.sys.mjs:537:35\n","nativeSavedFrame":{}},"formattedStack":"_fetchAttachment@resource://services-settings/Attachments.sys.mjs:560:35\ndownloadAsBytes@resource://services-settings/Attachments.sys.mjs:537:35\n","nativeSavedFrame":{}},"formattedStack":"fetch@resource://services-settings/Utils.sys.mjs:224:12\n_fetchAttachment@resource://services-settings/Attachments.sys.mjs:560:35\ndownloadAsBytes@resource://services-settings/Attachments.sys.mjs:537:35\n","nativeSavedFrame":{}},"formattedStack":"fetch/<@resource://services-settings/Utils.sys.mjs:273:15\nfetch@resource://services-settings/Utils.sys.mjs:224:12\n_fetchAttachment@resource://services-settings/Attachments.sys.mjs:560:35\ndownloadAsBytes@resource://services-settings/Attachments.sys.mjs:537:35\n","nativeSavedFrame":{}},"formattedStack":"open@resource://gre/modules/ServiceRequest.sys.mjs:126:11\nfetch/<@resource://services-settings/Utils.sys.mjs:273:15\nfetch@resource://services-settings/Utils.sys.mjs:224:12\n_fetchAttachment@resource://services-settings/Attachments.sys.mjs:560:35\ndownloadAsBytes@resource://services-settings/Attachments.sys.mjs:537:35\n","nativeSavedFrame":{}}
    - message = 
    - name = 
    - result = 2152071198
    - stack = open@resource://gre/modules/ServiceRequest.sys.mjs:126:11|fetch/<@resource://services-settings/Utils.sys.mjs:273:15|fetch@resource://services-settings/Utils.sys.mjs:224:12|_fetchAttachment@resource://services-settings/Attachments.sys.mjs:560:35|downloadAsBytes@resource://services-settings/Attachments.sys.mjs:537:35|
  - prototype Object
console.error: RemoteSecuritySettings: 
  failed to download CRLite filter
Object
  - prototype Object
    - columnNumber = 11
    - data = null
    - filename = resource://gre/modules/ServiceRequest.sys.mjs
    - lineNumber = 126
    - location = {"name":"open","filename":"resource://gre/modules/ServiceRequest.sys.mjs","sourceId":29,"lineNumber":126,"columnNumber":11,"asyncCause":null,"asyncCaller":null,"caller":{"filename":"resource://services-settings/Utils.sys.mjs","name":"fetch/<","sourceId":28,"lineNumber":273,"columnNumber":15,"asyncCause":null,"asyncCaller":null,"caller":{"filename":"resource://services-settings/Utils.sys.mjs","name":"fetch","sourceId":28,"lineNumber":224,"columnNumber":12,"asyncCause":null,"asyncCaller":null,"caller":{"filename":"resource://services-settings/Attachments.sys.mjs","name":"_fetchAttachment","sourceId":27,"lineNumber":560,"columnNumber":35,"asyncCause":null,"asyncCaller":null,"caller":{"filename":"resource://services-settings/Attachments.sys.mjs","name":"downloadAsBytes","sourceId":27,"lineNumber":537,"columnNumber":35,"asyncCause":null,"asyncCaller":null,"caller":null,"formattedStack":"downloadAsBytes@resource://services-settings/Attachments.sys.mjs:537:35\n","nativeSavedFrame":{}},"formattedStack":"_fetchAttachment@resource://services-settings/Attachments.sys.mjs:560:35\ndownloadAsBytes@resource://services-settings/Attachments.sys.mjs:537:35\n","nativeSavedFrame":{}},"formattedStack":"fetch@resource://services-settings/Utils.sys.mjs:224:12\n_fetchAttachment@resource://services-settings/Attachments.sys.mjs:560:35\ndownloadAsBytes@resource://services-settings/Attachments.sys.mjs:537:35\n","nativeSavedFrame":{}},"formattedStack":"fetch/<@resource://services-settings/Utils.sys.mjs:273:15\nfetch@resource://services-settings/Utils.sys.mjs:224:12\n_fetchAttachment@resource://services-settings/Attachments.sys.mjs:560:35\ndownloadAsBytes@resource://services-settings/Attachments.sys.mjs:537:35\n","nativeSavedFrame":{}},"formattedStack":"open@resource://gre/modules/ServiceRequest.sys.mjs:126:11\nfetch/<@resource://services-settings/Utils.sys.mjs:273:15\nfetch@resource://services-settings/Utils.sys.mjs:224:12\n_fetchAttachment@resource://services-settings/Attachments.sys.mjs:560:35\ndownloadAsBytes@resource://services-settings/Attachments.sys.mjs:537:35\n","nativeSavedFrame":{}}
    - message = 
    - name = 
    - result = 2152071198
    - stack = open@resource://gre/modules/ServiceRequest.sys.mjs:126:11|fetch/<@resource://services-settings/Utils.sys.mjs:273:15|fetch@resource://services-settings/Utils.sys.mjs:224:12|_fetchAttachment@resource://services-settings/Attachments.sys.mjs:560:35|downloadAsBytes@resource://services-settings/Attachments.sys.mjs:537:35|
  - prototype Object
console.error: RemoteSecuritySettings: 
  failed to download CRLite filter
Object
  - prototype Object
    - columnNumber = 11
    - data = null
    - filename = resource://gre/modules/ServiceRequest.sys.mjs
    - lineNumber = 126
    - location = {"name":"open","filename":"resource://gre/modules/ServiceRequest.sys.mjs","sourceId":29,"lineNumber":126,"columnNumber":11,"asyncCause":null,"asyncCaller":null,"caller":{"filename":"resource://services-settings/Utils.sys.mjs","name":"fetch/<","sourceId":28,"lineNumber":273,"columnNumber":15,"asyncCause":null,"asyncCaller":null,"caller":{"filename":"resource://services-settings/Utils.sys.mjs","name":"fetch","sourceId":28,"lineNumber":224,"columnNumber":12,"asyncCause":null,"asyncCaller":null,"caller":{"filename":"resource://services-settings/Attachments.sys.mjs","name":"_fetchAttachment","sourceId":27,"lineNumber":560,"columnNumber":35,"asyncCause":null,"asyncCaller":null,"caller":{"filename":"resource://services-settings/Attachments.sys.mjs","name":"downloadAsBytes","sourceId":27,"lineNumber":537,"columnNumber":35,"asyncCause":null,"asyncCaller":null,"caller":null,"formattedStack":"downloadAsBytes@resource://services-settings/Attachments.sys.mjs:537:35\n","nativeSavedFrame":{}},"formattedStack":"_fetchAttachment@resource://services-settings/Attachments.sys.mjs:560:35\ndownloadAsBytes@resource://services-settings/Attachments.sys.mjs:537:35\n","nativeSavedFrame":{}},"formattedStack":"fetch@resource://services-settings/Utils.sys.mjs:224:12\n_fetchAttachment@resource://services-settings/Attachments.sys.mjs:560:35\ndownloadAsBytes@resource://services-settings/Attachments.sys.mjs:537:35\n","nativeSavedFrame":{}},"formattedStack":"fetch/<@resource://services-settings/Utils.sys.mjs:273:15\nfetch@resource://services-settings/Utils.sys.mjs:224:12\n_fetchAttachment@resource://services-settings/Attachments.sys.mjs:560:35\ndownloadAsBytes@resource://services-settings/Attachments.sys.mjs:537:35\n","nativeSavedFrame":{}},"formattedStack":"open@resource://gre/modules/ServiceRequest.sys.mjs:126:11\nfetch/<@resource://services-settings/Utils.sys.mjs:273:15\nfetch@resource://services-settings/Utils.sys.mjs:224:12\n_fetchAttachment@resource://services-settings/Attachments.sys.mjs:560:35\ndownloadAsBytes@resource://services-settings/Attachments.sys.mjs:537:35\n","nativeSavedFrame":{}}
    - message = 
    - name = 
    - result = 2152071198
    - stack = open@resource://gre/modules/ServiceRequest.sys.mjs:126:11|fetch/<@resource://services-settings/Utils.sys.mjs:273:15|fetch@resource://services-settings/Utils.sys.mjs:224:12|_fetchAttachment@resource://services-settings/Attachments.sys.mjs:560:35|downloadAsBytes@resource://services-settings/Attachments.sys.mjs:537:35|
  - prototype Object
console.error: RemoteSecuritySettings: 
  failed to download CRLite filter
Object
  - prototype Object
    - columnNumber = 11
    - data = null
    - filename = resource://gre/modules/ServiceRequest.sys.mjs
    - lineNumber = 126
    - location = {"name":"open","filename":"resource://gre/modules/ServiceRequest.sys.mjs","sourceId":29,"lineNumber":126,"columnNumber":11,"asyncCause":null,"asyncCaller":null,"caller":{"filename":"resource://services-settings/Utils.sys.mjs","name":"fetch/<","sourceId":28,"lineNumber":273,"columnNumber":15,"asyncCause":null,"asyncCaller":null,"caller":{"filename":"resource://services-settings/Utils.sys.mjs","name":"fetch","sourceId":28,"lineNumber":224,"columnNumber":12,"asyncCause":null,"asyncCaller":null,"caller":{"filename":"resource://services-settings/Attachments.sys.mjs","name":"_fetchAttachment","sourceId":27,"lineNumber":560,"columnNumber":35,"asyncCause":null,"asyncCaller":null,"caller":{"filename":"resource://services-settings/Attachments.sys.mjs","name":"downloadAsBytes","sourceId":27,"lineNumber":537,"columnNumber":35,"asyncCause":null,"asyncCaller":null,"caller":null,"formattedStack":"downloadAsBytes@resource://services-settings/Attachments.sys.mjs:537:35\n","nativeSavedFrame":{}},"formattedStack":"_fetchAttachment@resource://services-settings/Attachments.sys.mjs:560:35\ndownloadAsBytes@resource://services-settings/Attachments.sys.mjs:537:35\n","nativeSavedFrame":{}},"formattedStack":"fetch@resource://services-settings/Utils.sys.mjs:224:12\n_fetchAttachment@resource://services-settings/Attachments.sys.mjs:560:35\ndownloadAsBytes@resource://services-settings/Attachments.sys.mjs:537:35\n","nativeSavedFrame":{}},"formattedStack":"fetch/<@resource://services-settings/Utils.sys.mjs:273:15\nfetch@resource://services-settings/Utils.sys.mjs:224:12\n_fetchAttachment@resource://services-settings/Attachments.sys.mjs:560:35\ndownloadAsBytes@resource://services-settings/Attachments.sys.mjs:537:35\n","nativeSavedFrame":{}},"formattedStack":"open@resource://gre/modules/ServiceRequest.sys.mjs:126:11\nfetch/<@resource://services-settings/Utils.sys.mjs:273:15\nfetch@resource://services-settings/Utils.sys.mjs:224:12\n_fetchAttachment@resource://services-settings/Attachments.sys.mjs:560:35\ndownloadAsBytes@resource://services-settings/Attachments.sys.mjs:537:35\n","nativeSavedFrame":{}}
    - message = 
    - name = 
    - result = 2152071198
    - stack = open@resource://gre/modules/ServiceRequest.sys.mjs:126:11|fetch/<@resource://services-settings/Utils.sys.mjs:273:15|fetch@resource://services-settings/Utils.sys.mjs:224:12|_fetchAttachment@resource://services-settings/Attachments.sys.mjs:560:35|downloadAsBytes@resource://services-settings/Attachments.sys.mjs:537:35|
  - prototype Object
console.error: RemoteSecuritySettings: 
  failed to download CRLite filter
Object
  - prototype Object
    - columnNumber = 11
    - data = null
    - filename = resource://gre/modules/ServiceRequest.sys.mjs
    - lineNumber = 126
    - location = {"name":"open","filename":"resource://gre/modules/ServiceRequest.sys.mjs","sourceId":29,"lineNumber":126,"columnNumber":11,"asyncCause":null,"asyncCaller":null,"caller":{"filename":"resource://services-settings/Utils.sys.mjs","name":"fetch/<","sourceId":28,"lineNumber":273,"columnNumber":15,"asyncCause":null,"asyncCaller":null,"caller":{"filename":"resource://services-settings/Utils.sys.mjs","name":"fetch","sourceId":28,"lineNumber":224,"columnNumber":12,"asyncCause":null,"asyncCaller":null,"caller":{"filename":"resource://services-settings/Attachments.sys.mjs","name":"_fetchAttachment","sourceId":27,"lineNumber":560,"columnNumber":35,"asyncCause":null,"asyncCaller":null,"caller":{"filename":"resource://services-settings/Attachments.sys.mjs","name":"downloadAsBytes","sourceId":27,"lineNumber":537,"columnNumber":35,"asyncCause":null,"asyncCaller":null,"caller":null,"formattedStack":"downloadAsBytes@resource://services-settings/Attachments.sys.mjs:537:35\n","nativeSavedFrame":{}},"formattedStack":"_fetchAttachment@resource://services-settings/Attachments.sys.mjs:560:35\ndownloadAsBytes@resource://services-settings/Attachments.sys.mjs:537:35\n","nativeSavedFrame":{}},"formattedStack":"fetch@resource://services-settings/Utils.sys.mjs:224:12\n_fetchAttachment@resource://services-settings/Attachments.sys.mjs:560:35\ndownloadAsBytes@resource://services-settings/Attachments.sys.mjs:537:35\n","nativeSavedFrame":{}},"formattedStack":"fetch/<@resource://services-settings/Utils.sys.mjs:273:15\nfetch@resource://services-settings/Utils.sys.mjs:224:12\n_fetchAttachment@resource://services-settings/Attachments.sys.mjs:560:35\ndownloadAsBytes@resource://services-settings/Attachments.sys.mjs:537:35\n","nativeSavedFrame":{}},"formattedStack":"open@resource://gre/modules/ServiceRequest.sys.mjs:126:11\nfetch/<@resource://services-settings/Utils.sys.mjs:273:15\nfetch@resource://services-settings/Utils.sys.mjs:224:12\n_fetchAttachment@resource://services-settings/Attachments.sys.mjs:560:35\ndownloadAsBytes@resource://services-settings/Attachments.sys.mjs:537:35\n","nativeSavedFrame":{}}
    - message = 
    - name = 
    - result = 2152071198
    - stack = open@resource://gre/modules/ServiceRequest.sys.mjs:126:11|fetch/<@resource://services-settings/Utils.sys.mjs:273:15|fetch@resource://services-settings/Utils.sys.mjs:224:12|_fetchAttachment@resource://services-settings/Attachments.sys.mjs:560:35|downloadAsBytes@resource://services-settings/Attachments.sys.mjs:537:35|
  - prototype Object
console.error: RemoteSecuritySettings: 
  failed to download CRLite filter
Object
  - prototype Object
    - columnNumber = 11
    - data = null
    - filename = resource://gre/modules/ServiceRequest.sys.mjs
    - lineNumber = 126
    - location = {"name":"open","filename":"resource://gre/modules/ServiceRequest.sys.mjs","sourceId":29,"lineNumber":126,"columnNumber":11,"asyncCause":null,"asyncCaller":null,"caller":{"filename":"resource://services-settings/Utils.sys.mjs","name":"fetch/<","sourceId":28,"lineNumber":273,"columnNumber":15,"asyncCause":null,"asyncCaller":null,"caller":{"filename":"resource://services-settings/Utils.sys.mjs","name":"fetch","sourceId":28,"lineNumber":224,"columnNumber":12,"asyncCause":null,"asyncCaller":null,"caller":{"filename":"resource://services-settings/Attachments.sys.mjs","name":"_fetchAttachment","sourceId":27,"lineNumber":560,"columnNumber":35,"asyncCause":null,"asyncCaller":null,"caller":{"filename":"resource://services-settings/Attachments.sys.mjs","name":"downloadAsBytes","sourceId":27,"lineNumber":537,"columnNumber":35,"asyncCause":null,"asyncCaller":null,"caller":null,"formattedStack":"downloadAsBytes@resource://services-settings/Attachments.sys.mjs:537:35\n","nativeSavedFrame":{}},"formattedStack":"_fetchAttachment@resource://services-settings/Attachments.sys.mjs:560:35\ndownloadAsBytes@resource://services-settings/Attachments.sys.mjs:537:35\n","nativeSavedFrame":{}},"formattedStack":"fetch@resource://services-settings/Utils.sys.mjs:224:12\n_fetchAttachment@resource://services-settings/Attachments.sys.mjs:560:35\ndownloadAsBytes@resource://services-settings/Attachments.sys.mjs:537:35\n","nativeSavedFrame":{}},"formattedStack":"fetch/<@resource://services-settings/Utils.sys.mjs:273:15\nfetch@resource://services-settings/Utils.sys.mjs:224:12\n_fetchAttachment@resource://services-settings/Attachments.sys.mjs:560:35\ndownloadAsBytes@resource://services-settings/Attachments.sys.mjs:537:35\n","nativeSavedFrame":{}},"formattedStack":"open@resource://gre/modules/ServiceRequest.sys.mjs:126:11\nfetch/<@resource://services-settings/Utils.sys.mjs:273:15\nfetch@resource://services-settings/Utils.sys.mjs:224:12\n_fetchAttachment@resource://services-settings/Attachments.sys.mjs:560:35\ndownloadAsBytes@resource://services-settings/Attachments.sys.mjs:537:35\n","nativeSavedFrame":{}}
    - message = 
    - name = 
    - result = 2152071198
    - stack = open@resource://gre/modules/ServiceRequest.sys.mjs:126:11|fetch/<@resource://services-settings/Utils.sys.mjs:273:15|fetch@resource://services-settings/Utils.sys.mjs:224:12|_fetchAttachment@resource://services-settings/Attachments.sys.mjs:560:35|downloadAsBytes@resource://services-settings/Attachments.sys.mjs:537:35|
  - prototype Object
console.error: RemoteSecuritySettings: 
  failed to download CRLite filter
Object
  - prototype Object
    - columnNumber = 11
    - data = null
    - filename = resource://gre/modules/ServiceRequest.sys.mjs
    - lineNumber = 126
    - location = {"name":"open","filename":"resource://gre/modules/ServiceRequest.sys.mjs","sourceId":29,"lineNumber":126,"columnNumber":11,"asyncCause":null,"asyncCaller":null,"caller":{"filename":"resource://services-settings/Utils.sys.mjs","name":"fetch/<","sourceId":28,"lineNumber":273,"columnNumber":15,"asyncCause":null,"asyncCaller":null,"caller":{"filename":"resource://services-settings/Utils.sys.mjs","name":"fetch","sourceId":28,"lineNumber":224,"columnNumber":12,"asyncCause":null,"asyncCaller":null,"caller":{"filename":"resource://services-settings/Attachments.sys.mjs","name":"_fetchAttachment","sourceId":27,"lineNumber":560,"columnNumber":35,"asyncCause":null,"asyncCaller":null,"caller":{"filename":"resource://services-settings/Attachments.sys.mjs","name":"downloadAsBytes","sourceId":27,"lineNumber":537,"columnNumber":35,"asyncCause":null,"asyncCaller":null,"caller":null,"formattedStack":"downloadAsBytes@resource://services-settings/Attachments.sys.mjs:537:35\n","nativeSavedFrame":{}},"formattedStack":"_fetchAttachment@resource://services-settings/Attachments.sys.mjs:560:35\ndownloadAsBytes@resource://services-settings/Attachments.sys.mjs:537:35\n","nativeSavedFrame":{}},"formattedStack":"fetch@resource://services-settings/Utils.sys.mjs:224:12\n_fetchAttachment@resource://services-settings/Attachments.sys.mjs:560:35\ndownloadAsBytes@resource://services-settings/Attachments.sys.mjs:537:35\n","nativeSavedFrame":{}},"formattedStack":"fetch/<@resource://services-settings/Utils.sys.mjs:273:15\nfetch@resource://services-settings/Utils.sys.mjs:224:12\n_fetchAttachment@resource://services-settings/Attachments.sys.mjs:560:35\ndownloadAsBytes@resource://services-settings/Attachments.sys.mjs:537:35\n","nativeSavedFrame":{}},"formattedStack":"open@resource://gre/modules/ServiceRequest.sys.mjs:126:11\nfetch/<@resource://services-settings/Utils.sys.mjs:273:15\nfetch@resource://services-settings/Utils.sys.mjs:224:12\n_fetchAttachment@resource://services-settings/Attachments.sys.mjs:560:35\ndownloadAsBytes@resource://services-settings/Attachments.sys.mjs:537:35\n","nativeSavedFrame":{}}
    - message = 
    - name = 
    - result = 2152071198
    - stack = open@resource://gre/modules/ServiceRequest.sys.mjs:126:11|fetch/<@resource://services-settings/Utils.sys.mjs:273:15|fetch@resource://services-settings/Utils.sys.mjs:224:12|_fetchAttachment@resource://services-settings/Attachments.sys.mjs:560:35|downloadAsBytes@resource://services-settings/Attachments.sys.mjs:537:35|
  - prototype Object
console.error: RemoteSecuritySettings: 
  failed to download CRLite filter
Object
  - prototype Object
    - columnNumber = 11
    - data = null
    - filename = resource://gre/modules/ServiceRequest.sys.mjs
    - lineNumber = 126
    - location = {"name":"open","filename":"resource://gre/modules/ServiceRequest.sys.mjs","sourceId":29,"lineNumber":126,"columnNumber":11,"asyncCause":null,"asyncCaller":null,"caller":{"filename":"resource://services-settings/Utils.sys.mjs","name":"fetch/<","sourceId":28,"lineNumber":273,"columnNumber":15,"asyncCause":null,"asyncCaller":null,"caller":{"filename":"resource://services-settings/Utils.sys.mjs","name":"fetch","sourceId":28,"lineNumber":224,"columnNumber":12,"asyncCause":null,"asyncCaller":null,"caller":{"filename":"resource://services-settings/Attachments.sys.mjs","name":"_fetchAttachment","sourceId":27,"lineNumber":560,"columnNumber":35,"asyncCause":null,"asyncCaller":null,"caller":{"filename":"resource://services-settings/Attachments.sys.mjs","name":"downloadAsBytes","sourceId":27,"lineNumber":537,"columnNumber":35,"asyncCause":null,"asyncCaller":null,"caller":null,"formattedStack":"downloadAsBytes@resource://services-settings/Attachments.sys.mjs:537:35\n","nativeSavedFrame":{}},"formattedStack":"_fetchAttachment@resource://services-settings/Attachments.sys.mjs:560:35\ndownloadAsBytes@resource://services-settings/Attachments.sys.mjs:537:35\n","nativeSavedFrame":{}},"formattedStack":"fetch@resource://services-settings/Utils.sys.mjs:224:12\n_fetchAttachment@resource://services-settings/Attachments.sys.mjs:560:35\ndownloadAsBytes@resource://services-settings/Attachments.sys.mjs:537:35\n","nativeSavedFrame":{}},"formattedStack":"fetch/<@resource://services-settings/Utils.sys.mjs:273:15\nfetch@resource://services-settings/Utils.sys.mjs:224:12\n_fetchAttachment@resource://services-settings/Attachments.sys.mjs:560:35\ndownloadAsBytes@resource://services-settings/Attachments.sys.mjs:537:35\n","nativeSavedFrame":{}},"formattedStack":"open@resource://gre/modules/ServiceRequest.sys.mjs:126:11\nfetch/<@resource://services-settings/Utils.sys.mjs:273:15\nfetch@resource://services-settings/Utils.sys.mjs:224:12\n_fetchAttachment@resource://services-settings/Attachments.sys.mjs:560:35\ndownloadAsBytes@resource://services-settings/Attachments.sys.mjs:537:35\n","nativeSavedFrame":{}}
    - message = 
    - name = 
    - result = 2152071198
    - stack = open@resource://gre/modules/ServiceRequest.sys.mjs:126:11|fetch/<@resource://services-settings/Utils.sys.mjs:273:15|fetch@resource://services-settings/Utils.sys.mjs:224:12|_fetchAttachment@resource://services-settings/Attachments.sys.mjs:560:35|downloadAsBytes@resource://services-settings/Attachments.sys.mjs:537:35|
  - prototype Object
console.error: RemoteSecuritySettings: 
  failed to download CRLite filter
Object
  - prototype Object
    - columnNumber = 11
    - data = null
    - filename = resource://gre/modules/ServiceRequest.sys.mjs
    - lineNumber = 126
    - location = {"name":"open","filename":"resource://gre/modules/ServiceRequest.sys.mjs","sourceId":29,"lineNumber":126,"columnNumber":11,"asyncCause":null,"asyncCaller":null,"caller":{"filename":"resource://services-settings/Utils.sys.mjs","name":"fetch/<","sourceId":28,"lineNumber":273,"columnNumber":15,"asyncCause":null,"asyncCaller":null,"caller":{"filename":"resource://services-settings/Utils.sys.mjs","name":"fetch","sourceId":28,"lineNumber":224,"columnNumber":12,"asyncCause":null,"asyncCaller":null,"caller":{"filename":"resource://services-settings/Attachments.sys.mjs","name":"_fetchAttachment","sourceId":27,"lineNumber":560,"columnNumber":35,"asyncCause":null,"asyncCaller":null,"caller":{"filename":"resource://services-settings/Attachments.sys.mjs","name":"downloadAsBytes","sourceId":27,"lineNumber":537,"columnNumber":35,"asyncCause":null,"asyncCaller":null,"caller":null,"formattedStack":"downloadAsBytes@resource://services-settings/Attachments.sys.mjs:537:35\n","nativeSavedFrame":{}},"formattedStack":"_fetchAttachment@resource://services-settings/Attachments.sys.mjs:560:35\ndownloadAsBytes@resource://services-settings/Attachments.sys.mjs:537:35\n","nativeSavedFrame":{}},"formattedStack":"fetch@resource://services-settings/Utils.sys.mjs:224:12\n_fetchAttachment@resource://services-settings/Attachments.sys.mjs:560:35\ndownloadAsBytes@resource://services-settings/Attachments.sys.mjs:537:35\n","nativeSavedFrame":{}},"formattedStack":"fetch/<@resource://services-settings/Utils.sys.mjs:273:15\nfetch@resource://services-settings/Utils.sys.mjs:224:12\n_fetchAttachment@resource://services-settings/Attachments.sys.mjs:560:35\ndownloadAsBytes@resource://services-settings/Attachments.sys.mjs:537:35\n","nativeSavedFrame":{}},"formattedStack":"open@resource://gre/modules/ServiceRequest.sys.mjs:126:11\nfetch/<@resource://services-settings/Utils.sys.mjs:273:15\nfetch@resource://services-settings/Utils.sys.mjs:224:12\n_fetchAttachment@resource://services-settings/Attachments.sys.mjs:560:35\ndownloadAsBytes@resource://services-settings/Attachments.sys.mjs:537:35\n","nativeSavedFrame":{}}
    - message = 
    - name = 
    - result = 2152071198
    - stack = open@resource://gre/modules/ServiceRequest.sys.mjs:126:11|fetch/<@resource://services-settings/Utils.sys.mjs:273:15|fetch@resource://services-settings/Utils.sys.mjs:224:12|_fetchAttachment@resource://services-settings/Attachments.sys.mjs:560:35|downloadAsBytes@resource://services-settings/Attachments.sys.mjs:537:35|
  - prototype Object
console.error: RemoteSecuritySettings: 
  failed to download CRLite filter
Object
  - prototype Object
    - columnNumber = 11
    - data = null
    - filename = resource://gre/modules/ServiceRequest.sys.mjs
    - lineNumber = 126
    - location = {"name":"open","filename":"resource://gre/modules/ServiceRequest.sys.mjs","sourceId":29,"lineNumber":126,"columnNumber":11,"asyncCause":null,"asyncCaller":null,"caller":{"filename":"resource://services-settings/Utils.sys.mjs","name":"fetch/<","sourceId":28,"lineNumber":273,"columnNumber":15,"asyncCause":null,"asyncCaller":null,"caller":{"filename":"resource://services-settings/Utils.sys.mjs","name":"fetch","sourceId":28,"lineNumber":224,"columnNumber":12,"asyncCause":null,"asyncCaller":null,"caller":{"filename":"resource://services-settings/Attachments.sys.mjs","name":"_fetchAttachment","sourceId":27,"lineNumber":560,"columnNumber":35,"asyncCause":null,"asyncCaller":null,"caller":{"filename":"resource://services-settings/Attachments.sys.mjs","name":"downloadAsBytes","sourceId":27,"lineNumber":537,"columnNumber":35,"asyncCause":null,"asyncCaller":null,"caller":null,"formattedStack":"downloadAsBytes@resource://services-settings/Attachments.sys.mjs:537:35\n","nativeSavedFrame":{}},"formattedStack":"_fetchAttachment@resource://services-settings/Attachments.sys.mjs:560:35\ndownloadAsBytes@resource://services-settings/Attachments.sys.mjs:537:35\n","nativeSavedFrame":{}},"formattedStack":"fetch@resource://services-settings/Utils.sys.mjs:224:12\n_fetchAttachment@resource://services-settings/Attachments.sys.mjs:560:35\ndownloadAsBytes@resource://services-settings/Attachments.sys.mjs:537:35\n","nativeSavedFrame":{}},"formattedStack":"fetch/<@resource://services-settings/Utils.sys.mjs:273:15\nfetch@resource://services-settings/Utils.sys.mjs:224:12\n_fetchAttachment@resource://services-settings/Attachments.sys.mjs:560:35\ndownloadAsBytes@resource://services-settings/Attachments.sys.mjs:537:35\n","nativeSavedFrame":{}},"formattedStack":"open@resource://gre/modules/ServiceRequest.sys.mjs:126:11\nfetch/<@resource://services-settings/Utils.sys.mjs:273:15\nfetch@resource://services-settings/Utils.sys.mjs:224:12\n_fetchAttachment@resource://services-settings/Attachments.sys.mjs:560:35\ndownloadAsBytes@resource://services-settings/Attachments.sys.mjs:537:35\n","nativeSavedFrame":{}}
    - message = 
    - name = 
    - result = 2152071198
    - stack = open@resource://gre/modules/ServiceRequest.sys.mjs:126:11|fetch/<@resource://services-settings/Utils.sys.mjs:273:15|fetch@resource://services-settings/Utils.sys.mjs:224:12|_fetchAttachment@resource://services-settings/Attachments.sys.mjs:560:35|downloadAsBytes@resource://services-settings/Attachments.sys.mjs:537:35|
  - prototype Object
console.error: RemoteSecuritySettings: 
  failed to download CRLite filter
Object
  - prototype Object
    - columnNumber = 11
    - data = null
    - filename = resource://gre/modules/ServiceRequest.sys.mjs
    - lineNumber = 126
    - location = {"name":"open","filename":"resource://gre/modules/ServiceRequest.sys.mjs","sourceId":29,"lineNumber":126,"columnNumber":11,"asyncCause":null,"asyncCaller":null,"caller":{"filename":"resource://services-settings/Utils.sys.mjs","name":"fetch/<","sourceId":28,"lineNumber":273,"columnNumber":15,"asyncCause":null,"asyncCaller":null,"caller":{"filename":"resource://services-settings/Utils.sys.mjs","name":"fetch","sourceId":28,"lineNumber":224,"columnNumber":12,"asyncCause":null,"asyncCaller":null,"caller":{"filename":"resource://services-settings/Attachments.sys.mjs","name":"_fetchAttachment","sourceId":27,"lineNumber":560,"columnNumber":35,"asyncCause":null,"asyncCaller":null,"caller":{"filename":"resource://services-settings/Attachments.sys.mjs","name":"downloadAsBytes","sourceId":27,"lineNumber":537,"columnNumber":35,"asyncCause":null,"asyncCaller":null,"caller":null,"formattedStack":"downloadAsBytes@resource://services-settings/Attachments.sys.mjs:537:35\n","nativeSavedFrame":{}},"formattedStack":"_fetchAttachment@resource://services-settings/Attachments.sys.mjs:560:35\ndownloadAsBytes@resource://services-settings/Attachments.sys.mjs:537:35\n","nativeSavedFrame":{}},"formattedStack":"fetch@resource://services-settings/Utils.sys.mjs:224:12\n_fetchAttachment@resource://services-settings/Attachments.sys.mjs:560:35\ndownloadAsBytes@resource://services-settings/Attachments.sys.mjs:537:35\n","nativeSavedFrame":{}},"formattedStack":"fetch/<@resource://services-settings/Utils.sys.mjs:273:15\nfetch@resource://services-settings/Utils.sys.mjs:224:12\n_fetchAttachment@resource://services-settings/Attachments.sys.mjs:560:35\ndownloadAsBytes@resource://services-settings/Attachments.sys.mjs:537:35\n","nativeSavedFrame":{}},"formattedStack":"open@resource://gre/modules/ServiceRequest.sys.mjs:126:11\nfetch/<@resource://services-settings/Utils.sys.mjs:273:15\nfetch@resource://services-settings/Utils.sys.mjs:224:12\n_fetchAttachment@resource://services-settings/Attachments.sys.mjs:560:35\ndownloadAsBytes@resource://services-settings/Attachments.sys.mjs:537:35\n","nativeSavedFrame":{}}
    - message = 
    - name = 
    - result = 2152071198
    - stack = open@resource://gre/modules/ServiceRequest.sys.mjs:126:11|fetch/<@resource://services-settings/Utils.sys.mjs:273:15|fetch@resource://services-settings/Utils.sys.mjs:224:12|_fetchAttachment@resource://services-settings/Attachments.sys.mjs:560:35|downloadAsBytes@resource://services-settings/Attachments.sys.mjs:537:35|
  - prototype Object
console.error: RemoteSecuritySettings: 
  failed to download CRLite filter
Object
  - prototype Object
    - columnNumber = 11
    - data = null
    - filename = resource://gre/modules/ServiceRequest.sys.mjs
    - lineNumber = 126
    - location = {"name":"open","filename":"resource://gre/modules/ServiceRequest.sys.mjs","sourceId":29,"lineNumber":126,"columnNumber":11,"asyncCause":null,"asyncCaller":null,"caller":{"filename":"resource://services-settings/Utils.sys.mjs","name":"fetch/<","sourceId":28,"lineNumber":273,"columnNumber":15,"asyncCause":null,"asyncCaller":null,"caller":{"filename":"resource://services-settings/Utils.sys.mjs","name":"fetch","sourceId":28,"lineNumber":224,"columnNumber":12,"asyncCause":null,"asyncCaller":null,"caller":{"filename":"resource://services-settings/Attachments.sys.mjs","name":"_fetchAttachment","sourceId":27,"lineNumber":560,"columnNumber":35,"asyncCause":null,"asyncCaller":null,"caller":{"filename":"resource://services-settings/Attachments.sys.mjs","name":"downloadAsBytes","sourceId":27,"lineNumber":537,"columnNumber":35,"asyncCause":null,"asyncCaller":null,"caller":null,"formattedStack":"downloadAsBytes@resource://services-settings/Attachments.sys.mjs:537:35\n","nativeSavedFrame":{}},"formattedStack":"_fetchAttachment@resource://services-settings/Attachments.sys.mjs:560:35\ndownloadAsBytes@resource://services-settings/Attachments.sys.mjs:537:35\n","nativeSavedFrame":{}},"formattedStack":"fetch@resource://services-settings/Utils.sys.mjs:224:12\n_fetchAttachment@resource://services-settings/Attachments.sys.mjs:560:35\ndownloadAsBytes@resource://services-settings/Attachments.sys.mjs:537:35\n","nativeSavedFrame":{}},"formattedStack":"fetch/<@resource://services-settings/Utils.sys.mjs:273:15\nfetch@resource://services-settings/Utils.sys.mjs:224:12\n_fetchAttachment@resource://services-settings/Attachments.sys.mjs:560:35\ndownloadAsBytes@resource://services-settings/Attachments.sys.mjs:537:35\n","nativeSavedFrame":{}},"formattedStack":"open@resource://gre/modules/ServiceRequest.sys.mjs:126:11\nfetch/<@resource://services-settings/Utils.sys.mjs:273:15\nfetch@resource://services-settings/Utils.sys.mjs:224:12\n_fetchAttachment@resource://services-settings/Attachments.sys.mjs:560:35\ndownloadAsBytes@resource://services-settings/Attachments.sys.mjs:537:35\n","nativeSavedFrame":{}}
    - message = 
    - name = 
    - result = 2152071198
    - stack = open@resource://gre/modules/ServiceRequest.sys.mjs:126:11|fetch/<@resource://services-settings/Utils.sys.mjs:273:15|fetch@resource://services-settings/Utils.sys.mjs:224:12|_fetchAttachment@resource://services-settings/Attachments.sys.mjs:560:35|downloadAsBytes@resource://services-settings/Attachments.sys.mjs:537:35|
  - prototype Object
console.error: RemoteSecuritySettings: 
  failed to download CRLite filter
Object
  - prototype Object
    - columnNumber = 11
    - data = null
    - filename = resource://gre/modules/ServiceRequest.sys.mjs
    - lineNumber = 126
    - location = {"name":"open","filename":"resource://gre/modules/ServiceRequest.sys.mjs","sourceId":29,"lineNumber":126,"columnNumber":11,"asyncCause":null,"asyncCaller":null,"caller":{"filename":"resource://services-settings/Utils.sys.mjs","name":"fetch/<","sourceId":28,"lineNumber":273,"columnNumber":15,"asyncCause":null,"asyncCaller":null,"caller":{"filename":"resource://services-settings/Utils.sys.mjs","name":"fetch","sourceId":28,"lineNumber":224,"columnNumber":12,"asyncCause":null,"asyncCaller":null,"caller":{"filename":"resource://services-settings/Attachments.sys.mjs","name":"_fetchAttachment","sourceId":27,"lineNumber":560,"columnNumber":35,"asyncCause":null,"asyncCaller":null,"caller":{"filename":"resource://services-settings/Attachments.sys.mjs","name":"downloadAsBytes","sourceId":27,"lineNumber":537,"columnNumber":35,"asyncCause":null,"asyncCaller":null,"caller":null,"formattedStack":"downloadAsBytes@resource://services-settings/Attachments.sys.mjs:537:35\n","nativeSavedFrame":{}},"formattedStack":"_fetchAttachment@resource://services-settings/Attachments.sys.mjs:560:35\ndownloadAsBytes@resource://services-settings/Attachments.sys.mjs:537:35\n","nativeSavedFrame":{}},"formattedStack":"fetch@resource://services-settings/Utils.sys.mjs:224:12\n_fetchAttachment@resource://services-settings/Attachments.sys.mjs:560:35\ndownloadAsBytes@resource://services-settings/Attachments.sys.mjs:537:35\n","nativeSavedFrame":{}},"formattedStack":"fetch/<@resource://services-settings/Utils.sys.mjs:273:15\nfetch@resource://services-settings/Utils.sys.mjs:224:12\n_fetchAttachment@resource://services-settings/Attachments.sys.mjs:560:35\ndownloadAsBytes@resource://services-settings/Attachments.sys.mjs:537:35\n","nativeSavedFrame":{}},"formattedStack":"open@resource://gre/modules/ServiceRequest.sys.mjs:126:11\nfetch/<@resource://services-settings/Utils.sys.mjs:273:15\nfetch@resource://services-settings/Utils.sys.mjs:224:12\n_fetchAttachment@resource://services-settings/Attachments.sys.mjs:560:35\ndownloadAsBytes@resource://services-settings/Attachments.sys.mjs:537:35\n","nativeSavedFrame":{}}
    - message = 
    - name = 
    - result = 2152071198
    - stack = open@resource://gre/modules/ServiceRequest.sys.mjs:126:11|fetch/<@resource://services-settings/Utils.sys.mjs:273:15|fetch@resource://services-settings/Utils.sys.mjs:224:12|_fetchAttachment@resource://services-settings/Attachments.sys.mjs:560:35|downloadAsBytes@resource://services-settings/Attachments.sys.mjs:537:35|
  - prototype Object
console.error: RemoteSecuritySettings: 
  failed to download CRLite filter
Object
  - prototype Object
    - columnNumber = 11
    - data = null
    - filename = resource://gre/modules/ServiceRequest.sys.mjs
    - lineNumber = 126
    - location = {"name":"open","filename":"resource://gre/modules/ServiceRequest.sys.mjs","sourceId":29,"lineNumber":126,"columnNumber":11,"asyncCause":null,"asyncCaller":null,"caller":{"filename":"resource://services-settings/Utils.sys.mjs","name":"fetch/<","sourceId":28,"lineNumber":273,"columnNumber":15,"asyncCause":null,"asyncCaller":null,"caller":{"filename":"resource://services-settings/Utils.sys.mjs","name":"fetch","sourceId":28,"lineNumber":224,"columnNumber":12,"asyncCause":null,"asyncCaller":null,"caller":{"filename":"resource://services-settings/Attachments.sys.mjs","name":"_fetchAttachment","sourceId":27,"lineNumber":560,"columnNumber":35,"asyncCause":null,"asyncCaller":null,"caller":{"filename":"resource://services-settings/Attachments.sys.mjs","name":"downloadAsBytes","sourceId":27,"lineNumber":537,"columnNumber":35,"asyncCause":null,"asyncCaller":null,"caller":null,"formattedStack":"downloadAsBytes@resource://services-settings/Attachments.sys.mjs:537:35\n","nativeSavedFrame":{}},"formattedStack":"_fetchAttachment@resource://services-settings/Attachments.sys.mjs:560:35\ndownloadAsBytes@resource://services-settings/Attachments.sys.mjs:537:35\n","nativeSavedFrame":{}},"formattedStack":"fetch@resource://services-settings/Utils.sys.mjs:224:12\n_fetchAttachment@resource://services-settings/Attachments.sys.mjs:560:35\ndownloadAsBytes@resource://services-settings/Attachments.sys.mjs:537:35\n","nativeSavedFrame":{}},"formattedStack":"fetch/<@resource://services-settings/Utils.sys.mjs:273:15\nfetch@resource://services-settings/Utils.sys.mjs:224:12\n_fetchAttachment@resource://services-settings/Attachments.sys.mjs:560:35\ndownloadAsBytes@resource://services-settings/Attachments.sys.mjs:537:35\n","nativeSavedFrame":{}},"formattedStack":"open@resource://gre/modules/ServiceRequest.sys.mjs:126:11\nfetch/<@resource://services-settings/Utils.sys.mjs:273:15\nfetch@resource://services-settings/Utils.sys.mjs:224:12\n_fetchAttachment@resource://services-settings/Attachments.sys.mjs:560:35\ndownloadAsBytes@resource://services-settings/Attachments.sys.mjs:537:35\n","nativeSavedFrame":{}}
    - message = 
    - name = 
    - result = 2152071198
    - stack = open@resource://gre/modules/ServiceRequest.sys.mjs:126:11|fetch/<@resource://services-settings/Utils.sys.mjs:273:15|fetch@resource://services-settings/Utils.sys.mjs:224:12|_fetchAttachment@resource://services-settings/Attachments.sys.mjs:560:35|downloadAsBytes@resource://services-settings/Attachments.sys.mjs:537:35|
  - prototype Object
console.error: RemoteSecuritySettings: 
  failed to download CRLite filter
Object
  - prototype Object
    - columnNumber = 11
    - data = null
    - filename = resource://gre/modules/ServiceRequest.sys.mjs
    - lineNumber = 126
    - location = {"name":"open","filename":"resource://gre/modules/ServiceRequest.sys.mjs","sourceId":29,"lineNumber":126,"columnNumber":11,"asyncCause":null,"asyncCaller":null,"caller":{"filename":"resource://services-settings/Utils.sys.mjs","name":"fetch/<","sourceId":28,"lineNumber":273,"columnNumber":15,"asyncCause":null,"asyncCaller":null,"caller":{"filename":"resource://services-settings/Utils.sys.mjs","name":"fetch","sourceId":28,"lineNumber":224,"columnNumber":12,"asyncCause":null,"asyncCaller":null,"caller":{"filename":"resource://services-settings/Attachments.sys.mjs","name":"_fetchAttachment","sourceId":27,"lineNumber":560,"columnNumber":35,"asyncCause":null,"asyncCaller":null,"caller":{"filename":"resource://services-settings/Attachments.sys.mjs","name":"downloadAsBytes","sourceId":27,"lineNumber":537,"columnNumber":35,"asyncCause":null,"asyncCaller":null,"caller":null,"formattedStack":"downloadAsBytes@resource://services-settings/Attachments.sys.mjs:537:35\n","nativeSavedFrame":{}},"formattedStack":"_fetchAttachment@resource://services-settings/Attachments.sys.mjs:560:35\ndownloadAsBytes@resource://services-settings/Attachments.sys.mjs:537:35\n","nativeSavedFrame":{}},"formattedStack":"fetch@resource://services-settings/Utils.sys.mjs:224:12\n_fetchAttachment@resource://services-settings/Attachments.sys.mjs:560:35\ndownloadAsBytes@resource://services-settings/Attachments.sys.mjs:537:35\n","nativeSavedFrame":{}},"formattedStack":"fetch/<@resource://services-settings/Utils.sys.mjs:273:15\nfetch@resource://services-settings/Utils.sys.mjs:224:12\n_fetchAttachment@resource://services-settings/Attachments.sys.mjs:560:35\ndownloadAsBytes@resource://services-settings/Attachments.sys.mjs:537:35\n","nativeSavedFrame":{}},"formattedStack":"open@resource://gre/modules/ServiceRequest.sys.mjs:126:11\nfetch/<@resource://services-settings/Utils.sys.mjs:273:15\nfetch@resource://services-settings/Utils.sys.mjs:224:12\n_fetchAttachment@resource://services-settings/Attachments.sys.mjs:560:35\ndownloadAsBytes@resource://services-settings/Attachments.sys.mjs:537:35\n","nativeSavedFrame":{}}
    - message = 
    - name = 
    - result = 2152071198
    - stack = open@resource://gre/modules/ServiceRequest.sys.mjs:126:11|fetch/<@resource://services-settings/Utils.sys.mjs:273:15|fetch@resource://services-settings/Utils.sys.mjs:224:12|_fetchAttachment@resource://services-settings/Attachments.sys.mjs:560:35|downloadAsBytes@resource://services-settings/Attachments.sys.mjs:537:35|
  - prototype Object
console.error: RemoteSecuritySettings: 
  failed to download CRLite filter
Object
  - prototype Object
    - columnNumber = 11
    - data = null
    - filename = resource://gre/modules/ServiceRequest.sys.mjs
    - lineNumber = 126
    - location = {"name":"open","filename":"resource://gre/modules/ServiceRequest.sys.mjs","sourceId":29,"lineNumber":126,"columnNumber":11,"asyncCause":null,"asyncCaller":null,"caller":{"filename":"resource://services-settings/Utils.sys.mjs","name":"fetch/<","sourceId":28,"lineNumber":273,"columnNumber":15,"asyncCause":null,"asyncCaller":null,"caller":{"filename":"resource://services-settings/Utils.sys.mjs","name":"fetch","sourceId":28,"lineNumber":224,"columnNumber":12,"asyncCause":null,"asyncCaller":null,"caller":{"filename":"resource://services-settings/Attachments.sys.mjs","name":"_fetchAttachment","sourceId":27,"lineNumber":560,"columnNumber":35,"asyncCause":null,"asyncCaller":null,"caller":{"filename":"resource://services-settings/Attachments.sys.mjs","name":"downloadAsBytes","sourceId":27,"lineNumber":537,"columnNumber":35,"asyncCause":null,"asyncCaller":null,"caller":null,"formattedStack":"downloadAsBytes@resource://services-settings/Attachments.sys.mjs:537:35\n","nativeSavedFrame":{}},"formattedStack":"_fetchAttachment@resource://services-settings/Attachments.sys.mjs:560:35\ndownloadAsBytes@resource://services-settings/Attachments.sys.mjs:537:35\n","nativeSavedFrame":{}},"formattedStack":"fetch@resource://services-settings/Utils.sys.mjs:224:12\n_fetchAttachment@resource://services-settings/Attachments.sys.mjs:560:35\ndownloadAsBytes@resource://services-settings/Attachments.sys.mjs:537:35\n","nativeSavedFrame":{}},"formattedStack":"fetch/<@resource://services-settings/Utils.sys.mjs:273:15\nfetch@resource://services-settings/Utils.sys.mjs:224:12\n_fetchAttachment@resource://services-settings/Attachments.sys.mjs:560:35\ndownloadAsBytes@resource://services-settings/Attachments.sys.mjs:537:35\n","nativeSavedFrame":{}},"formattedStack":"open@resource://gre/modules/ServiceRequest.sys.mjs:126:11\nfetch/<@resource://services-settings/Utils.sys.mjs:273:15\nfetch@resource://services-settings/Utils.sys.mjs:224:12\n_fetchAttachment@resource://services-settings/Attachments.sys.mjs:560:35\ndownloadAsBytes@resource://services-settings/Attachments.sys.mjs:537:35\n","nativeSavedFrame":{}}
    - message = 
    - name = 
    - result = 2152071198
    - stack = open@resource://gre/modules/ServiceRequest.sys.mjs:126:11|fetch/<@resource://services-settings/Utils.sys.mjs:273:15|fetch@resource://services-settings/Utils.sys.mjs:224:12|_fetchAttachment@resource://services-settings/Attachments.sys.mjs:560:35|downloadAsBytes@resource://services-settings/Attachments.sys.mjs:537:35|
  - prototype Object
console.error: RemoteSecuritySettings: 
  failed to download CRLite filter
Object
  - prototype Object
    - columnNumber = 11
    - data = null
    - filename = resource://gre/modules/ServiceRequest.sys.mjs
    - lineNumber = 126
    - location = {"name":"open","filename":"resource://gre/modules/ServiceRequest.sys.mjs","sourceId":29,"lineNumber":126,"columnNumber":11,"asyncCause":null,"asyncCaller":null,"caller":{"filename":"resource://services-settings/Utils.sys.mjs","name":"fetch/<","sourceId":28,"lineNumber":273,"columnNumber":15,"asyncCause":null,"asyncCaller":null,"caller":{"filename":"resource://services-settings/Utils.sys.mjs","name":"fetch","sourceId":28,"lineNumber":224,"columnNumber":12,"asyncCause":null,"asyncCaller":null,"caller":{"filename":"resource://services-settings/Attachments.sys.mjs","name":"_fetchAttachment","sourceId":27,"lineNumber":560,"columnNumber":35,"asyncCause":null,"asyncCaller":null,"caller":{"filename":"resource://services-settings/Attachments.sys.mjs","name":"downloadAsBytes","sourceId":27,"lineNumber":537,"columnNumber":35,"asyncCause":null,"asyncCaller":null,"caller":null,"formattedStack":"downloadAsBytes@resource://services-settings/Attachments.sys.mjs:537:35\n","nativeSavedFrame":{}},"formattedStack":"_fetchAttachment@resource://services-settings/Attachments.sys.mjs:560:35\ndownloadAsBytes@resource://services-settings/Attachments.sys.mjs:537:35\n","nativeSavedFrame":{}},"formattedStack":"fetch@resource://services-settings/Utils.sys.mjs:224:12\n_fetchAttachment@resource://services-settings/Attachments.sys.mjs:560:35\ndownloadAsBytes@resource://services-settings/Attachments.sys.mjs:537:35\n","nativeSavedFrame":{}},"formattedStack":"fetch/<@resource://services-settings/Utils.sys.mjs:273:15\nfetch@resource://services-settings/Utils.sys.mjs:224:12\n_fetchAttachment@resource://services-settings/Attachments.sys.mjs:560:35\ndownloadAsBytes@resource://services-settings/Attachments.sys.mjs:537:35\n","nativeSavedFrame":{}},"formattedStack":"open@resource://gre/modules/ServiceRequest.sys.mjs:126:11\nfetch/<@resource://services-settings/Utils.sys.mjs:273:15\nfetch@resource://services-settings/Utils.sys.mjs:224:12\n_fetchAttachment@resource://services-settings/Attachments.sys.mjs:560:35\ndownloadAsBytes@resource://services-settings/Attachments.sys.mjs:537:35\n","nativeSavedFrame":{}}
    - message = 
    - name = 
    - result = 2152071198
    - stack = open@resource://gre/modules/ServiceRequest.sys.mjs:126:11|fetch/<@resource://services-settings/Utils.sys.mjs:273:15|fetch@resource://services-settings/Utils.sys.mjs:224:12|_fetchAttachment@resource://services-settings/Attachments.sys.mjs:560:35|downloadAsBytes@resource://services-settings/Attachments.sys.mjs:537:35|
  - prototype Object
console.error: RemoteSecuritySettings: 
  failed to download CRLite filter
Object
  - prototype Object
    - columnNumber = 11
    - data = null
    - filename = resource://gre/modules/ServiceRequest.sys.mjs
    - lineNumber = 126
    - location = {"name":"open","filename":"resource://gre/modules/ServiceRequest.sys.mjs","sourceId":29,"lineNumber":126,"columnNumber":11,"asyncCause":null,"asyncCaller":null,"caller":{"filename":"resource://services-settings/Utils.sys.mjs","name":"fetch/<","sourceId":28,"lineNumber":273,"columnNumber":15,"asyncCause":null,"asyncCaller":null,"caller":{"filename":"resource://services-settings/Utils.sys.mjs","name":"fetch","sourceId":28,"lineNumber":224,"columnNumber":12,"asyncCause":null,"asyncCaller":null,"caller":{"filename":"resource://services-settings/Attachments.sys.mjs","name":"_fetchAttachment","sourceId":27,"lineNumber":560,"columnNumber":35,"asyncCause":null,"asyncCaller":null,"caller":{"filename":"resource://services-settings/Attachments.sys.mjs","name":"downloadAsBytes","sourceId":27,"lineNumber":537,"columnNumber":35,"asyncCause":null,"asyncCaller":null,"caller":null,"formattedStack":"downloadAsBytes@resource://services-settings/Attachments.sys.mjs:537:35\n","nativeSavedFrame":{}},"formattedStack":"_fetchAttachment@resource://services-settings/Attachments.sys.mjs:560:35\ndownloadAsBytes@resource://services-settings/Attachments.sys.mjs:537:35\n","nativeSavedFrame":{}},"formattedStack":"fetch@resource://services-settings/Utils.sys.mjs:224:12\n_fetchAttachment@resource://services-settings/Attachments.sys.mjs:560:35\ndownloadAsBytes@resource://services-settings/Attachments.sys.mjs:537:35\n","nativeSavedFrame":{}},"formattedStack":"fetch/<@resource://services-settings/Utils.sys.mjs:273:15\nfetch@resource://services-settings/Utils.sys.mjs:224:12\n_fetchAttachment@resource://services-settings/Attachments.sys.mjs:560:35\ndownloadAsBytes@resource://services-settings/Attachments.sys.mjs:537:35\n","nativeSavedFrame":{}},"formattedStack":"open@resource://gre/modules/ServiceRequest.sys.mjs:126:11\nfetch/<@resource://services-settings/Utils.sys.mjs:273:15\nfetch@resource://services-settings/Utils.sys.mjs:224:12\n_fetchAttachment@resource://services-settings/Attachments.sys.mjs:560:35\ndownloadAsBytes@resource://services-settings/Attachments.sys.mjs:537:35\n","nativeSavedFrame":{}}
    - message = 
    - name = 
    - result = 2152071198
    - stack = open@resource://gre/modules/ServiceRequest.sys.mjs:126:11|fetch/<@resource://services-settings/Utils.sys.mjs:273:15|fetch@resource://services-settings/Utils.sys.mjs:224:12|_fetchAttachment@resource://services-settings/Attachments.sys.mjs:560:35|downloadAsBytes@resource://services-settings/Attachments.sys.mjs:537:35|
  - prototype Object
